id,MEAS_REF,MEAS_REN,MEAS_NEW,MEAS_NO,REF_Thermische_Sanierung,REF_Heizungstausch
1,1,1,0,0,1,1
2,0,0,1,0,0,0
3,0,1,0,0,0,0
4,1,0,0,0,1,1
5,1,1,0,0,1,1
6,1,0,0,0,1,1
7,1,1,0,0,1,1
8,1,1,0,0,1,1
9,1,1,0,0,1,1
10,1,1,0,0,1,1
11,1,1,0,0,1,1
12,1,1,0,0,1,1
13,1,0,0,0,1,1
14,1,1,0,0,1,1
15,1,0,0,0,1,1
16,1,0,0,0,1,1
17,1,1,0,0,1,1
18,1,1,0,0,1,1
19,1,1,0,0,1,1
20,1,0,0,0,1,1
21,1,0,0,0,1,1
22,1,1,0,0,1,1
23,1,0,0,0,1,1
24,1,1,0,0,1,1
25,1,0,0,0,1,1
26,1,1,0,0,1,1
27,1,1,1,0,1,1
28,1,1,1,0,1,1
29,1,1,1,0,1,1
30,1,0,0,0,0,1
31,1,1,0,0,0,1
32,1,0,0,0,0,1
33,1,0,0,0,0,1
34,1,1,0,0,0,1
35,1,0,0,0,0,1
36,1,0,0,0,0,1
37,1,0,0,0,0,1
38,1,0,0,0,0,1
39,1,1,0,0,0,1
40,1,1,0,0,0,1
41,1,1,0,0,1,0
42,1,1,0,0,1,0
43,1,1,0,0,1,0
44,1,1,0,0,1,0
45,1,1,0,0,1,0
46,1,1,0,0,1,0
47,1,1,0,0,1,0
48,0,0,0,1,0,0
49,0,0,0,1,0,0
50,0,0,0,1,0,0
51,0,0,0,1,0,0
52,0,0,0,1,0,0
53,0,0,0,1,0,0
54,0,0,1,0,0,0
55,0,0,1,0,0,0
56,0,0,1,0,0,0
57,0,0,1,0,0,0
58,0,0,1,0,0,0
59,0,0,1,0,0,0
60,0,0,1,0,0,0
61,0,0,1,0,0,0
62,0,0,1,0,0,0
63,0,0,1,0,0,0
64,1,0,0,0,0,0
65,1,0,1,0,0,0
66,0,1,0,0,0,0
67,0,1,0,0,0,0
68,0,1,0,0,0,0
69,0,0,0,1,0,0
70,1,1,0,0,1,1
71,1,1,0,0,1,1
72,1,1,0,0,1,1
73,1,1,0,0,1,1
74,1,1,0,0,1,1
75,1,1,0,0,0,1
76,1,0,0,0,0,1
77,1,0,0,0,0,1
78,1,1,0,0,0,1
79,1,1,0,0,0,1
80,1,1,0,0,1,0
81,1,1,0,0,1,0
82,0,0,1,0,0,0
83,0,0,1,0,0,0
84,0,0,1,0,0,0
85,1,0,1,0,0,0
86,1,1,0,0,1,1
87,1,1,0,0,1,1
88,1,1,0,0,1,1
89,1,1,1,0,1,1
90,1,0,0,0,1,1
91,1,1,0,0,1,1
92,1,1,0,0,1,1
93,1,0,0,0,1,1
94,1,0,0,0,1,1
95,1,1,0,0,1,1
96,1,1,0,0,1,1
97,1,1,0,0,1,1
98,1,0,0,0,1,1
99,1,0,0,0,1,1
100,1,0,0,0,1,1
101,1,0,0,0,0,1
102,1,1,0,0,0,1
103,1,0,0,0,0,1
104,1,0,0,0,0,1
105,1,1,0,0,1,0
106,1,1,0,0,1,0
107,1,1,0,0,1,0
108,0,0,0,1,0,0
109,0,0,0,1,0,0
110,0,0,0,1,0,0
111,0,0,1,0,0,0
112,0,0,1,0,0,0
113,0,0,1,0,0,0
114,0,0,1,0,0,0
115,0,0,1,0,0,0
116,1,1,0,0,0,0
117,1,0,0,0,0,0
118,1,0,0,0,0,0
119,0,1,1,0,0,0
120,0,1,0,0,0,0
121,0,1,0,0,0,0
122,1,1,0,0,1,1
123,1,1,0,0,1,1
124,1,1,0,0,1,1
125,1,1,0,0,1,1
126,1,1,0,0,1,1
127,1,1,0,0,1,1
128,1,1,0,0,1,1
129,1,1,0,0,1,1
130,1,1,0,0,1,1
131,1,0,0,0,1,1
132,1,0,0,0,1,1
133,1,0,0,0,0,1
134,1,1,0,0,0,1
135,1,0,0,0,0,1
136,1,0,0,0,0,1
137,1,0,0,0,1,0
138,1,1,0,0,1,0
139,1,1,0,0,1,0
140,1,1,0,0,1,0
141,0,0,0,1,0,0
142,0,0,0,1,0,0
143,0,0,0,1,0,0
144,0,0,0,1,0,0
145,0,0,1,0,0,0
146,0,0,1,0,0,0
147,0,0,1,0,0,0
148,0,0,1,0,0,0
149,1,1,0,0,0,0
150,1,1,0,0,0,0
151,0,1,0,0,0,0
152,1,1,0,0,1,1
153,1,1,0,0,1,1
154,1,1,0,0,1,1
155,1,1,0,0,1,1
156,1,1,0,0,1,1
157,1,1,0,0,1,1
158,1,1,0,0,1,1
159,1,0,0,0,1,1
160,1,0,0,0,1,1
161,1,1,0,0,1,1
162,1,1,0,0,1,1
163,1,1,0,0,1,1
164,1,1,1,0,1,1
165,1,1,1,0,1,1
166,1,0,0,0,1,1
167,1,1,0,0,1,1
168,1,1,0,0,1,1
169,1,1,0,0,1,1
170,1,0,0,0,1,1
171,1,1,0,0,1,1
172,1,0,0,0,1,1
173,1,0,0,0,1,1
174,1,1,0,0,1,1
175,1,1,0,0,1,1
176,1,1,0,0,1,1
177,1,1,0,0,1,1
178,1,1,0,0,1,1
179,1,0,0,0,1,1
180,1,1,0,0,1,1
181,1,1,0,0,1,1
182,1,1,0,0,1,1
183,1,0,0,0,1,1
184,1,1,0,0,1,1
185,1,1,0,0,1,1
186,1,0,0,0,1,1
187,1,1,0,0,1,1
188,1,0,0,0,1,1
189,1,1,0,0,1,1
190,1,1,0,0,1,1
191,1,1,0,0,1,1
192,1,1,0,0,1,1
193,1,1,0,0,1,1
194,1,1,0,0,1,1
195,1,1,0,0,1,1
196,1,1,0,0,1,1
197,1,1,0,0,1,1
198,1,1,0,0,1,1
199,1,1,0,0,1,1
200,1,1,0,0,1,1
201,1,1,0,0,1,1
202,1,1,0,0,1,1
203,1,1,0,0,1,1
204,1,1,0,0,1,1
205,1,1,0,0,1,1
206,1,1,0,0,1,1
207,1,0,0,0,1,1
208,1,0,0,0,1,1
209,1,1,0,0,1,1
210,1,0,0,0,1,1
211,1,0,0,0,1,1
212,1,1,0,0,1,1
213,1,0,0,0,1,1
214,1,0,0,0,1,1
215,1,0,0,0,1,1
216,1,0,1,0,1,1
217,1,1,1,0,1,1
218,1,1,0,0,0,1
219,1,0,0,0,0,1
220,1,0,0,0,0,1
221,1,0,0,0,0,1
222,1,1,0,0,0,1
223,1,0,0,0,0,1
224,1,0,0,0,0,1
225,1,0,0,0,0,1
226,1,0,0,0,0,1
227,1,0,0,0,0,1
228,1,0,0,0,0,1
229,1,0,0,0,0,1
230,1,0,0,0,0,1
231,1,0,0,0,0,1
232,1,0,0,0,0,1
233,1,1,0,0,0,1
234,1,1,0,0,0,1
235,1,1,0,0,0,1
236,1,0,0,0,0,1
237,1,0,0,0,0,1
238,1,1,0,0,0,1
239,1,0,0,0,0,1
240,1,0,0,0,0,1
241,1,1,0,0,0,1
242,1,0,0,0,0,1
243,1,1,1,0,1,0
244,1,1,1,0,1,0
245,1,1,0,0,1,0
246,1,1,0,0,1,0
247,1,0,0,0,1,0
248,1,1,0,0,1,0
249,1,0,0,0,1,0
250,1,1,0,0,1,0
251,1,0,0,0,1,0
252,1,1,0,0,1,0
253,1,1,0,0,1,0
254,1,1,0,0,1,0
255,1,1,0,0,1,0
256,1,1,0,0,1,0
257,1,0,0,0,1,0
258,1,0,0,0,1,0
259,1,0,0,0,1,0
260,1,0,0,0,1,0
261,1,1,1,0,1,0
262,1,0,1,0,1,0
263,0,0,0,1,0,0
264,0,0,0,1,0,0
265,0,0,0,1,0,0
266,0,0,0,1,0,0
267,0,0,0,1,0,0
268,0,0,0,1,0,0
269,0,0,0,1,0,0
270,0,0,0,1,0,0
271,0,0,0,1,0,0
272,0,0,0,1,0,0
273,0,0,0,1,0,0
274,0,0,0,1,0,0
275,0,0,1,0,0,0
276,0,0,1,0,0,0
277,0,0,1,0,0,0
278,0,0,1,0,0,0
279,0,0,1,0,0,0
280,0,0,1,0,0,0
281,0,0,1,0,0,0
282,0,0,1,0,0,0
283,0,0,1,0,0,0
284,0,0,1,0,0,0
285,0,0,1,0,0,0
286,0,0,1,0,0,0
287,0,0,1,0,0,0
288,0,0,1,0,0,0
289,0,0,1,0,0,0
290,0,0,1,0,0,0
291,0,0,1,0,0,0
292,0,0,1,0,0,0
293,0,0,1,0,0,0
294,0,0,1,0,0,0
295,0,0,1,0,0,0
296,0,0,1,0,0,0
297,0,0,1,0,0,0
298,0,0,1,0,0,0
299,0,0,1,0,0,0
300,0,0,1,0,0,0
301,0,0,1,0,0,0
302,0,0,1,0,0,0
303,1,0,0,0,0,0
304,1,0,0,0,0,0
305,1,0,0,0,0,0
306,1,0,0,0,0,0
307,1,1,0,0,0,0
308,1,0,0,0,0,0
309,0,1,1,0,0,0
310,0,1,0,0,0,0
311,0,1,0,0,0,0
312,0,1,0,0,0,0
313,0,1,0,0,0,0
314,0,1,0,0,0,0
315,1,1,0,0,1,1
316,1,1,1,0,1,1
317,1,1,0,0,1,1
318,1,1,0,0,1,1
319,1,1,0,0,1,1
320,1,1,0,0,1,1
321,1,0,0,0,1,1
322,1,0,0,0,1,1
323,1,1,0,0,1,1
324,1,1,0,0,1,1
325,1,0,0,0,1,1
326,1,1,0,0,1,1
327,1,0,0,0,1,1
328,1,1,0,0,1,1
329,1,1,0,0,1,1
330,1,1,0,0,0,1
331,1,1,0,0,0,1
332,1,1,0,0,0,1
333,1,1,0,0,0,1
334,1,1,0,0,1,0
335,1,1,0,0,1,0
336,1,0,0,0,1,0
337,1,1,0,0,1,0
338,0,0,0,1,0,0
339,0,0,0,1,0,0
340,0,0,0,1,0,0
341,0,0,0,1,0,0
342,0,0,0,1,0,0
343,0,0,1,0,0,0
344,0,0,1,0,0,0
345,0,0,1,0,0,0
346,0,0,1,0,0,0
347,0,0,1,0,0,0
348,0,0,1,0,0,0
349,0,0,1,0,0,0
350,1,0,0,0,0,0
351,1,0,0,0,0,0
352,1,0,1,0,0,0
353,0,1,0,0,0,0
354,0,1,0,0,0,0
355,1,1,0,0,1,1
356,1,1,0,0,0,1
357,1,1,0,0,1,0
358,0,0,0,1,0,0
359,0,0,1,0,0,0
360,1,0,0,0,0,0
361,0,1,0,0,0,0
362,1,0,0,0,1,1
363,1,0,0,0,1,1
364,1,1,0,0,1,1
365,1,1,0,0,0,1
366,1,0,0,0,0,1
367,1,1,0,0,1,1
368,1,1,0,0,1,1
369,1,0,0,0,1,1
370,1,1,0,0,1,1
371,1,1,0,0,1,1
372,1,1,0,0,1,1
373,1,0,0,0,1,1
374,1,1,0,0,1,1
375,1,1,0,0,1,1
376,1,1,0,0,1,1
377,1,1,0,0,1,1
378,1,0,0,0,1,1
379,1,0,0,0,1,1
380,1,1,0,0,1,1
381,1,1,0,0,1,1
382,1,1,0,0,1,1
383,1,0,0,0,1,1
384,1,0,0,0,1,1
385,1,1,0,0,1,1
386,1,1,0,0,1,1
387,1,1,0,0,1,1
388,1,1,0,0,0,1
389,1,0,0,0,0,1
390,1,0,0,0,0,1
391,1,1,0,0,0,1
392,1,0,0,0,0,1
393,1,0,0,0,0,1
394,1,1,0,0,1,0
395,1,0,0,0,1,0
396,1,0,0,0,1,0
397,1,1,0,0,1,0
398,1,0,0,0,1,0
399,1,1,0,0,1,0
400,0,0,0,1,0,0
401,0,0,0,1,0,0
402,0,0,0,1,0,0
403,0,0,1,0,0,0
404,0,0,1,0,0,0
405,0,0,1,0,0,0
406,0,0,1,0,0,0
407,1,1,0,0,0,0
408,1,0,0,0,0,0
409,1,1,0,0,0,0
410,1,0,0,0,0,0
411,0,1,0,0,0,0
412,0,1,0,0,0,0
413,1,0,0,0,0,1
414,1,1,0,0,1,1
415,1,0,0,0,0,1
416,1,0,0,0,0,1
417,0,0,0,1,0,0
418,0,0,0,1,0,0
419,0,0,1,0,0,0
420,0,0,1,0,0,0
421,1,0,0,0,0,0
422,0,1,0,0,0,0
423,1,1,0,0,1,1
424,1,1,0,0,1,1
425,1,0,0,0,0,1
426,1,0,0,0,0,0
427,1,1,0,0,1,1
428,1,1,0,0,1,1
429,1,1,0,0,1,1
430,1,1,0,0,1,1
431,1,1,0,0,1,1
432,1,1,0,0,1,1
433,1,1,0,0,1,1
434,1,0,0,0,1,1
435,1,1,0,0,1,1
436,1,1,0,0,1,1
437,1,1,0,0,1,1
438,1,0,0,0,0,1
439,1,1,0,0,0,1
440,1,0,1,0,0,1
441,1,1,0,0,1,0
442,1,1,0,0,1,0
443,1,1,0,0,1,0
444,0,0,0,1,0,0
445,0,0,0,1,0,0
446,0,0,0,1,0,0
447,0,0,0,1,0,0
448,0,0,0,1,0,0
449,0,0,1,0,0,0
450,0,0,1,0,0,0
451,0,0,1,0,0,0
452,1,0,0,0,0,0
453,1,0,0,0,0,0
454,1,0,0,0,0,0
455,1,1,0,0,0,0
456,1,1,0,0,1,1
457,1,0,0,0,1,1
458,1,0,0,0,1,1
459,1,1,0,0,1,1
460,1,0,0,0,1,1
461,1,1,0,0,1,1
462,1,0,0,0,1,1
463,1,0,0,0,0,1
464,1,1,0,0,1,0
465,1,0,0,0,0,0
466,1,1,0,0,1,1
467,1,1,0,0,1,1
468,1,1,0,0,1,1
469,1,1,0,0,1,1
470,1,1,0,0,1,1
471,1,1,0,0,1,1
472,1,1,0,0,1,1
473,1,1,0,0,1,1
474,1,0,0,0,1,1
475,1,0,0,0,0,1
476,1,0,0,0,0,1
477,1,1,0,0,1,0
478,1,1,0,0,1,0
479,0,1,0,0,0,0
480,0,1,0,0,0,0
481,1,1,0,0,1,1
482,1,1,0,0,1,1
483,1,1,1,0,1,1
484,1,0,0,0,1,1
485,1,0,0,0,1,1
486,1,1,0,0,1,1
487,1,1,0,0,1,1
488,1,1,0,0,1,1
489,1,1,0,0,1,1
490,1,0,1,0,1,1
491,1,1,0,0,0,1
492,1,0,0,0,0,1
493,1,0,0,0,0,1
494,1,1,0,0,1,0
495,0,0,0,1,0,0
496,0,0,0,1,0,0
497,0,0,0,1,0,0
498,0,0,0,1,0,0
499,0,0,0,1,0,0
500,0,0,1,0,0,0
501,0,0,1,0,0,0
502,0,0,1,0,0,0
503,0,0,1,0,0,0
504,0,0,1,0,0,0
505,1,0,0,0,0,0
506,1,1,1,0,0,0
507,0,1,0,0,0,0
508,1,1,0,0,1,1
509,1,1,0,0,1,1
510,1,0,0,0,0,1
511,1,1,0,0,0,1
512,1,1,0,0,1,0
513,0,0,0,1,0,0
514,0,0,0,1,0,0
515,0,0,1,0,0,0
516,0,0,1,0,0,0
517,0,0,1,0,0,0
518,1,0,0,0,0,0
519,1,1,0,0,1,1
520,1,1,0,0,1,1
521,1,0,0,0,0,1
522,1,1,0,0,1,0
523,0,0,1,0,0,0
524,1,0,0,0,1,1
525,0,1,0,0,0,0
526,1,1,0,0,0,1
527,1,0,0,0,0,1
528,1,1,0,0,1,0
529,0,0,0,1,0,0
530,0,0,0,1,0,0
531,1,0,0,0,0,0
532,0,0,1,0,0,0
533,0,0,1,0,0,0
534,1,1,0,0,1,1
535,1,0,0,0,1,1
536,1,0,0,0,0,1
537,0,0,0,1,0,0
538,0,0,1,0,0,0
539,0,0,0,1,0,0
540,1,1,0,0,1,0
541,0,0,0,1,0,0
542,1,1,0,0,1,1
543,1,0,0,0,1,0
544,0,0,0,1,0,0
545,0,0,1,0,0,0
546,1,1,0,0,0,0
547,1,0,0,0,1,1
548,1,0,0,0,1,1
549,1,1,0,0,1,1
550,1,0,0,0,1,1
551,1,0,0,0,1,1
552,1,0,0,0,1,0
553,1,1,1,0,1,0
554,0,0,0,1,0,0
555,0,0,1,0,0,0
556,0,0,1,0,0,0
557,1,0,0,0,1,1
558,1,1,0,0,0,0
559,1,1,0,0,0,1
560,1,1,0,0,0,1
561,1,1,0,0,1,1
562,1,1,0,0,1,1
563,1,0,0,0,1,1
564,1,1,0,0,0,1
565,1,1,0,0,0,1
566,0,0,1,0,0,0
567,1,0,0,0,0,0
568,0,1,1,0,0,0
569,1,0,0,0,0,0
570,1,1,0,0,1,1
571,1,0,0,0,1,1
572,1,1,0,0,1,0
573,0,0,1,0,0,0
574,0,0,1,0,0,0
575,1,0,1,0,0,0
576,1,0,0,0,0,1
577,0,0,1,0,0,0
578,0,0,1,0,0,0
579,1,1,0,0,1,1
580,1,1,0,0,1,1
581,1,0,0,0,0,1
582,1,0,0,0,0,1
583,1,1,0,0,1,1
584,1,0,0,0,1,1
585,1,1,0,0,1,1
586,1,1,0,0,1,1
587,1,1,0,0,1,1
588,1,1,0,0,1,1
589,1,1,0,0,1,1
590,1,1,1,0,1,1
591,1,1,1,0,1,1
592,1,1,1,0,1,1
593,1,0,0,0,0,1
594,1,1,0,0,0,1
595,1,0,0,0,0,1
596,1,1,0,0,1,0
597,1,1,0,0,1,0
598,1,1,0,0,1,0
599,1,1,0,0,1,0
600,1,0,1,0,1,0
601,0,0,0,1,0,0
602,0,0,0,1,0,0
603,0,0,0,1,0,0
604,0,0,0,1,0,0
605,0,0,0,1,0,0
606,0,0,0,1,0,0
607,0,0,0,1,0,0
608,0,0,1,0,0,0
609,0,0,1,0,0,0
610,0,0,1,0,0,0
611,0,0,1,0,0,0
612,1,0,0,0,0,0
613,1,0,0,0,0,0
614,0,1,0,0,0,0
615,1,0,0,0,1,0
616,0,1,0,0,0,0
617,1,1,0,0,1,1
618,1,1,0,0,1,1
619,1,1,0,0,1,1
620,1,1,0,0,1,1
621,1,1,0,0,1,1
622,1,1,0,0,1,1
623,1,1,0,0,1,1
624,1,0,0,0,1,1
625,1,0,0,0,0,1
626,1,1,0,0,0,1
627,1,1,0,0,0,1
628,1,1,0,0,0,1
629,1,0,0,0,0,1
630,1,1,0,0,0,1
631,1,1,0,0,0,1
632,1,0,0,0,0,1
633,1,1,0,0,0,1
634,1,0,0,0,0,1
635,1,0,0,0,0,1
636,0,0,0,1,0,0
637,0,0,0,1,0,0
638,1,0,0,0,0,0
639,0,1,0,0,0,0
640,0,0,1,0,0,0
641,1,1,0,0,1,1
642,1,1,0,0,1,1
643,0,0,1,0,0,0
644,1,1,0,0,1,1
645,1,0,0,0,0,0
646,1,1,0,0,1,1
647,1,1,0,0,1,1
648,1,1,0,0,1,1
649,1,1,0,0,1,1
650,1,1,0,0,1,1
651,1,1,0,0,1,1
652,1,1,0,0,1,1
653,1,0,0,0,1,1
654,1,0,0,0,1,1
655,1,1,0,0,1,1
656,1,0,0,0,1,1
657,1,1,0,0,1,1
658,1,1,0,0,1,1
659,1,0,0,0,1,1
660,1,1,0,0,1,1
661,1,1,0,0,1,1
662,1,1,0,0,1,1
663,1,1,0,0,1,1
664,1,1,0,0,1,1
665,1,1,0,0,1,1
666,1,1,0,0,1,1
667,1,0,0,0,1,1
668,1,1,1,0,1,1
669,1,1,1,0,1,1
670,1,1,1,0,1,1
671,1,1,1,0,1,1
672,1,1,1,0,1,1
673,1,1,0,0,1,1
674,1,1,0,0,1,1
675,1,1,0,0,1,1
676,1,1,0,0,1,1
677,1,0,0,0,1,1
678,1,1,0,0,1,1
679,1,0,0,0,1,1
680,1,0,0,0,1,1
681,1,0,0,0,1,1
682,1,0,0,0,1,1
683,1,0,0,0,1,1
684,1,0,0,0,1,1
685,1,0,0,0,1,1
686,1,0,0,0,1,1
687,1,1,0,0,1,1
688,1,1,0,0,1,1
689,1,1,0,0,1,1
690,1,1,0,0,1,1
691,1,1,0,0,1,1
692,1,1,0,0,1,1
693,1,1,0,0,1,1
694,1,0,0,0,1,1
695,1,1,0,0,1,1
696,1,1,0,0,1,1
697,1,1,0,0,1,1
698,1,1,0,0,1,1
699,1,0,0,0,1,1
700,1,0,0,0,1,1
701,1,1,0,0,1,1
702,1,1,0,0,1,1
703,1,1,0,0,1,1
704,1,1,0,0,1,1
705,1,0,0,0,1,1
706,1,1,0,0,1,1
707,1,0,0,0,1,1
708,1,1,0,0,1,1
709,1,0,0,0,1,1
710,1,1,0,0,1,1
711,1,1,0,0,1,1
712,1,1,0,0,1,1
713,1,0,0,0,1,1
714,1,1,0,0,1,1
715,1,1,0,0,1,1
716,1,0,0,0,1,1
717,1,0,0,0,1,1
718,1,0,0,0,1,1
719,1,0,0,0,1,1
720,1,1,0,0,1,1
721,1,0,0,0,1,1
722,1,0,0,0,1,1
723,1,0,0,0,1,1
724,1,1,0,0,1,1
725,1,1,0,0,1,1
726,1,0,0,0,1,1
727,1,1,0,0,1,1
728,1,1,0,0,1,1
729,1,1,0,0,1,1
730,1,1,0,0,1,1
731,1,0,0,0,1,1
732,1,1,0,0,1,1
733,1,1,0,0,1,1
734,1,1,0,0,1,1
735,1,1,0,0,1,1
736,1,0,0,0,1,1
737,1,1,0,0,1,1
738,1,0,0,0,1,1
739,1,0,0,0,1,1
740,1,0,0,0,1,1
741,1,0,0,0,1,1
742,1,0,0,0,1,1
743,1,0,0,0,1,1
744,1,0,0,0,1,1
745,1,1,0,0,1,1
746,1,0,0,0,1,1
747,1,0,0,0,1,1
748,1,0,0,0,1,1
749,1,0,0,0,1,1
750,1,1,1,0,1,1
751,1,1,1,0,1,1
752,1,1,0,0,0,1
753,1,0,0,0,0,1
754,1,1,0,0,0,1
755,1,0,0,0,0,1
756,1,0,0,0,0,1
757,1,0,0,0,0,1
758,1,1,0,0,0,1
759,1,1,0,0,0,1
760,1,0,0,0,0,1
761,1,0,0,0,0,1
762,1,1,0,0,0,1
763,1,0,0,0,0,1
764,1,0,0,0,0,1
765,1,0,0,0,0,1
766,1,1,0,0,0,1
767,1,1,0,0,0,1
768,1,0,0,0,0,1
769,1,0,0,0,0,1
770,1,1,0,0,0,1
771,1,1,0,0,0,1
772,1,1,0,0,0,1
773,1,0,0,0,0,1
774,1,1,0,0,0,1
775,1,0,0,0,0,1
776,1,1,0,0,0,1
777,1,0,0,0,0,1
778,1,1,0,0,0,1
779,1,0,0,0,0,1
780,1,0,0,0,0,1
781,1,1,0,0,0,1
782,1,1,0,0,0,1
783,1,0,0,0,0,1
784,1,1,0,0,0,1
785,1,1,0,0,0,1
786,1,0,0,0,0,1
787,1,1,0,0,0,1
788,1,1,0,0,0,1
789,1,1,0,0,0,1
790,1,0,0,0,0,1
791,1,1,0,0,0,1
792,1,1,0,0,0,1
793,1,0,0,0,0,1
794,1,0,0,0,0,1
795,1,0,0,0,0,1
796,1,1,0,0,1,0
797,1,1,0,0,1,0
798,1,1,0,0,1,0
799,1,1,0,0,1,0
800,1,1,0,0,1,0
801,1,1,0,0,1,0
802,1,1,0,0,1,0
803,1,1,0,0,1,0
804,1,1,0,0,1,0
805,1,1,0,0,1,0
806,1,1,0,0,1,0
807,1,1,0,0,1,0
808,1,0,0,0,1,0
809,1,0,0,0,1,0
810,1,1,0,0,1,0
811,1,1,0,0,1,0
812,1,1,0,0,1,0
813,1,0,0,0,1,0
814,1,1,0,0,1,0
815,1,1,0,0,1,0
816,1,1,0,0,1,0
817,1,1,0,0,1,0
818,1,1,0,0,1,0
819,1,0,0,0,1,0
820,1,0,0,0,1,0
821,1,0,0,0,1,0
822,1,0,0,0,1,0
823,1,1,1,0,1,0
824,1,0,1,0,1,0
825,0,0,0,1,0,0
826,0,0,0,1,0,0
827,0,0,0,1,0,0
828,0,0,0,1,0,0
829,0,0,0,1,0,0
830,0,0,0,1,0,0
831,0,0,0,1,0,0
832,0,0,0,1,0,0
833,0,0,0,1,0,0
834,0,0,0,1,0,0
835,0,0,0,1,0,0
836,0,0,0,1,0,0
837,0,0,0,1,0,0
838,0,0,0,1,0,0
839,0,0,0,1,0,0
840,0,0,0,1,0,0
841,0,0,0,1,0,0
842,0,0,0,1,0,0
843,0,0,0,1,0,0
844,0,0,0,1,0,0
845,0,0,0,1,0,0
846,0,0,0,1,0,0
847,0,0,0,1,0,0
848,0,0,0,1,0,0
849,0,0,0,1,0,0
850,0,0,0,1,0,0
851,0,0,0,1,0,0
852,0,0,0,1,0,0
853,0,0,0,1,0,0
854,0,0,0,1,0,0
855,0,0,0,1,0,0
856,0,0,0,1,0,0
857,0,0,0,1,0,0
858,0,0,1,0,0,0
859,0,0,1,0,0,0
860,0,0,1,0,0,0
861,0,0,1,0,0,0
862,0,0,1,0,0,0
863,0,0,1,0,0,0
864,0,0,1,0,0,0
865,0,0,1,0,0,0
866,0,0,1,0,0,0
867,0,0,1,0,0,0
868,0,0,1,0,0,0
869,0,0,1,0,0,0
870,0,0,1,0,0,0
871,0,0,1,0,0,0
872,0,0,1,0,0,0
873,0,0,1,0,0,0
874,0,0,1,0,0,0
875,0,0,1,0,0,0
876,0,0,1,0,0,0
877,0,0,1,0,0,0
878,0,0,1,0,0,0
879,0,0,1,0,0,0
880,0,0,1,0,0,0
881,0,0,1,0,0,0
882,0,0,1,0,0,0
883,0,0,1,0,0,0
884,0,0,1,0,0,0
885,0,0,1,0,0,0
886,0,0,1,0,0,0
887,0,0,1,0,0,0
888,0,0,1,0,0,0
889,0,0,1,0,0,0
890,0,0,1,0,0,0
891,0,0,1,0,0,0
892,0,0,1,0,0,0
893,0,0,1,0,0,0
894,0,0,1,0,0,0
895,0,0,1,0,0,0
896,0,0,1,0,0,0
897,0,0,1,0,0,0
898,1,0,0,0,0,0
899,1,1,0,0,0,0
900,1,0,0,0,0,0
901,1,0,0,0,0,0
902,1,1,0,0,0,0
903,1,1,0,0,0,0
904,1,0,0,0,0,0
905,1,0,0,0,0,0
906,1,1,0,0,0,0
907,1,0,0,0,0,0
908,1,1,0,0,0,0
909,1,0,0,0,0,0
910,1,0,0,0,0,0
911,1,1,0,0,0,0
912,1,0,0,0,0,0
913,1,0,0,0,0,0
914,1,0,0,0,0,0
915,1,1,0,0,0,0
916,1,0,1,0,0,0
917,0,1,1,0,0,0
918,1,0,1,0,0,0
919,0,1,0,0,0,0
920,0,1,0,0,0,0
921,0,1,0,0,0,0
922,0,1,0,0,0,0
923,0,1,0,0,0,0
924,0,1,0,0,0,0
925,0,1,0,0,0,0
926,0,1,0,0,0,0
927,0,1,0,0,0,0
928,0,1,0,0,0,0
929,0,1,0,0,0,0
930,0,1,0,0,0,0
931,0,1,0,0,0,0
932,0,1,0,0,0,0
933,1,0,0,0,1,0
934,1,1,0,0,1,1
935,0,0,1,0,0,0
936,1,0,0,0,0,0
937,0,0,1,0,0,0
938,0,0,1,0,0,0
939,1,1,0,0,0,0
940,1,1,0,0,1,1
941,1,1,0,0,1,1
942,1,1,0,0,1,1
943,0,0,0,1,0,0
944,0,0,0,1,0,0
945,1,0,0,0,1,1
946,0,0,0,1,0,0
947,0,0,0,1,0,0
948,1,1,0,0,0,0
949,1,0,0,0,0,1
950,1,0,0,0,1,0
951,1,1,1,0,1,1
952,1,0,1,0,1,0
953,1,1,0,0,0,0
954,1,1,0,0,1,1
955,1,1,0,0,1,1
956,1,1,0,0,1,1
957,1,1,0,0,1,1
958,1,1,0,0,1,1
959,1,0,0,0,1,1
960,1,0,0,0,0,1
961,1,0,0,0,0,1
962,1,0,0,0,0,1
963,1,1,0,0,1,0
964,0,0,0,1,0,0
965,0,0,1,0,0,0
966,0,1,1,0,0,0
967,0,1,0,0,0,0
968,0,1,0,0,0,0
969,1,0,0,0,1,1
970,1,1,1,0,1,1
971,1,0,0,0,1,1
972,1,1,0,0,1,1
973,1,1,0,0,1,1
974,1,0,0,0,0,1
975,1,0,0,0,0,1
976,1,0,0,0,1,0
977,0,0,0,1,0,0
978,0,0,1,0,0,0
979,1,0,0,0,0,0
980,1,1,0,0,1,0
981,1,1,0,0,1,1
982,1,0,0,0,1,1
983,1,0,0,0,1,1
984,1,1,0,0,1,1
985,1,0,0,0,1,1
986,1,1,0,0,1,1
987,1,1,0,0,1,1
988,1,0,0,0,1,1
989,1,1,0,0,0,1
990,1,1,0,0,0,1
991,1,0,0,0,0,1
992,1,0,0,0,1,0
993,0,0,0,1,0,0
994,0,0,0,1,0,0
995,0,0,0,1,0,0
996,0,0,0,1,0,0
997,0,0,1,0,0,0
998,0,0,1,0,0,0
999,0,0,1,0,0,0
1000,0,0,1,0,0,0
1001,0,1,1,0,0,0
1002,0,1,0,0,0,0
1003,1,1,0,0,1,1
1004,1,1,0,0,1,1
1005,1,1,0,0,1,1
1006,1,0,0,0,1,1
1007,1,1,0,0,1,1
1008,1,1,0,0,1,1
1009,1,1,0,0,0,1
1010,1,1,0,0,0,1
1011,1,1,0,0,1,0
1012,0,0,0,1,0,0
1013,0,0,0,1,0,0
1014,0,0,0,1,0,0
1015,0,0,0,1,0,0
1016,0,0,1,0,0,0
1017,0,1,0,0,0,0
1018,0,1,0,0,0,0
1019,1,1,0,0,1,1
1020,1,0,0,0,0,1
1021,1,1,0,0,0,1
1022,1,0,0,0,1,0
1023,1,1,0,0,1,0
1024,1,1,0,0,1,1
1025,1,1,0,0,1,1
1026,1,1,0,0,1,1
1027,1,1,0,0,1,1
1028,1,1,0,0,1,1
1029,1,1,0,0,1,1
1030,1,1,0,0,1,0
1031,1,0,0,0,1,0
1032,0,0,0,1,0,0
1033,0,0,0,1,0,0
1034,0,0,0,1,0,0
1035,0,0,1,0,0,0
1036,0,0,1,0,0,0
1037,1,0,0,0,0,0
1038,0,1,0,0,0,0
1039,0,0,1,0,0,0
1040,1,1,0,0,1,1
1041,1,0,0,0,1,1
1042,1,1,0,0,1,1
1043,1,1,0,0,0,1
1044,1,1,0,0,1,1
1045,1,1,0,0,1,1
1046,1,0,0,0,1,1
1047,0,0,1,0,0,0
1048,1,1,0,0,0,0
1049,1,1,0,0,1,1
1050,1,1,0,0,1,1
1051,1,1,0,0,1,1
1052,1,0,0,0,1,1
1053,1,0,0,0,0,1
1054,0,0,1,0,0,0
1055,1,0,0,0,0,0
1056,0,1,0,0,0,0
1057,0,0,1,0,0,0
1058,1,0,0,0,0,1
1059,1,1,0,0,1,1
1060,1,1,0,0,1,0
1061,0,0,0,1,0,0
1062,0,0,1,0,0,0
1063,1,1,1,0,1,1
1064,1,0,1,0,1,1
1065,1,1,0,0,0,1
1066,0,0,1,0,0,0
1067,1,0,0,0,0,0
1068,1,0,1,0,0,0
1069,0,0,0,1,0,0
1070,1,1,0,0,1,0
1071,1,1,0,0,0,1
1072,0,0,1,0,0,0
1073,1,1,0,0,0,1
1074,1,0,0,0,0,1
1075,1,1,0,0,0,1
1076,1,1,0,0,0,1
1077,1,0,0,0,1,0
1078,1,1,0,0,1,1
1079,1,1,0,0,1,1
1080,1,1,0,0,1,1
1081,1,1,0,0,1,1
1082,1,1,0,0,1,1
1083,1,0,0,0,0,1
1084,0,0,0,1,0,0
1085,0,0,1,0,0,0
1086,0,0,1,0,0,0
1087,1,1,0,0,0,0
1088,1,1,0,0,1,1
1089,0,0,0,1,0,0
1090,1,1,0,0,1,0
1091,0,0,1,0,0,0
1092,1,1,0,0,1,1
1093,0,0,1,0,0,0
1094,1,0,0,0,0,1
1095,1,0,0,0,0,0
1096,1,1,0,0,1,1
1097,1,0,0,0,1,1
1098,1,1,0,0,1,1
1099,1,0,0,0,0,1
1100,1,1,0,0,1,0
1101,0,0,0,1,0,0
1102,1,1,0,0,1,0
1103,1,0,0,0,0,0
1104,1,1,0,0,1,1
1105,1,0,0,0,1,0
1106,1,0,0,0,1,1
1107,1,0,0,0,1,1
1108,1,1,0,0,1,1
1109,0,0,0,1,0,0
1110,1,1,0,0,1,1
1111,1,1,0,0,1,1
1112,1,1,0,0,1,1
1113,1,0,0,0,0,1
1114,1,1,0,0,1,0
1115,1,0,0,0,0,0
1116,1,1,0,0,1,1
1117,1,1,0,0,1,1
1118,1,1,0,0,1,1
1119,1,1,0,0,0,1
1120,1,1,0,0,0,1
1121,0,0,0,1,0,0
1122,0,1,0,0,0,0
1123,0,0,0,1,0,0
1124,1,1,1,0,1,1
1125,0,0,0,1,0,0
1126,0,1,0,0,0,0
1127,1,1,0,0,1,1
1128,1,1,0,0,1,1
1129,1,0,0,0,1,1
1130,1,0,0,0,1,1
1131,1,1,0,0,1,1
1132,1,0,0,0,0,0
1133,1,1,0,0,1,1
1134,1,1,0,0,1,1
1135,0,0,1,0,0,0
1136,1,1,0,0,0,0
1137,1,1,1,0,1,1
1138,1,0,0,0,0,1
1139,1,1,0,0,1,0
1140,1,0,0,0,0,0
1141,1,1,0,0,0,1
1142,0,0,1,0,0,0
1143,1,0,0,0,0,1
1144,1,0,0,0,1,1
1145,0,0,1,0,0,0
1146,1,1,1,0,1,1
1147,0,0,1,0,0,0
1148,0,1,0,0,0,0
1149,1,0,0,0,1,1
1150,1,1,0,0,1,1
1151,1,1,0,0,1,1
1152,1,0,0,0,1,1
1153,1,0,0,0,1,1
1154,1,1,0,0,1,1
1155,1,1,0,0,1,1
1156,1,0,0,0,1,1
1157,1,1,0,0,1,1
1158,1,1,0,0,1,1
1159,1,1,0,0,1,1
1160,1,1,0,0,1,1
1161,1,0,0,0,1,1
1162,1,1,0,0,1,1
1163,1,1,0,0,1,1
1164,1,1,0,0,1,1
1165,1,0,0,0,1,1
1166,1,1,0,0,1,1
1167,1,0,0,0,1,1
1168,1,0,0,0,1,1
1169,1,0,0,0,1,1
1170,1,0,0,0,1,1
1171,1,1,0,0,1,1
1172,1,1,1,0,1,1
1173,1,0,1,0,1,1
1174,1,1,0,0,0,1
1175,1,0,0,0,0,1
1176,1,0,0,0,0,1
1177,1,1,0,0,0,1
1178,1,1,0,0,0,1
1179,1,1,0,0,0,1
1180,1,0,0,0,0,1
1181,1,1,0,0,0,1
1182,1,0,0,0,0,1
1183,1,1,0,0,1,0
1184,1,1,0,0,1,0
1185,1,1,0,0,1,0
1186,1,1,0,0,1,0
1187,0,0,0,1,0,0
1188,0,0,0,1,0,0
1189,0,0,0,1,0,0
1190,0,0,0,1,0,0
1191,0,0,0,1,0,0
1192,0,0,0,1,0,0
1193,0,0,0,1,0,0
1194,0,0,0,1,0,0
1195,0,0,1,0,0,0
1196,1,0,0,0,0,0
1197,1,1,0,0,0,0
1198,1,1,0,0,0,0
1199,1,0,0,0,0,0
1200,1,0,0,0,0,0
1201,1,0,1,0,0,0
1202,0,1,0,0,0,0
1203,0,1,0,0,0,0
1204,0,1,0,0,0,0
1205,0,1,0,0,0,0
1206,0,1,0,0,0,0
1207,0,1,0,0,0,0
1208,0,1,0,0,0,0
1209,0,0,0,1,0,0
1210,1,0,0,0,1,1
1211,1,1,0,0,1,0
1212,0,0,0,1,0,0
1213,0,0,1,0,0,0
1214,1,1,0,0,1,1
1215,0,1,0,0,0,0
1216,0,0,0,1,0,0
1217,1,0,0,0,1,1
1218,1,1,0,0,1,1
1219,1,0,0,0,1,1
1220,1,0,0,0,0,1
1221,1,0,0,0,0,0
1222,0,0,1,0,0,0
1223,1,1,0,0,1,1
1224,1,1,0,0,1,1
1225,1,1,0,0,1,1
1226,1,0,0,0,1,1
1227,1,1,0,0,1,1
1228,1,1,1,0,1,1
1229,1,0,0,0,0,1
1230,1,1,0,0,0,1
1231,1,1,0,0,1,0
1232,0,0,0,1,0,0
1233,1,0,0,0,0,0
1234,1,0,0,0,1,1
1235,1,0,0,0,0,1
1236,0,0,0,1,0,0
1237,0,0,1,0,0,0
1238,1,0,0,0,1,1
1239,1,1,0,0,1,1
1240,1,1,0,0,1,1
1241,1,1,0,0,1,1
1242,1,1,0,0,1,1
1243,1,1,0,0,1,1
1244,1,1,0,0,1,1
1245,1,1,0,0,1,1
1246,1,1,0,0,1,1
1247,1,1,0,0,1,1
1248,1,1,0,0,1,1
1249,1,0,1,0,1,1
1250,1,0,0,0,0,1
1251,1,0,0,0,0,1
1252,1,0,0,0,0,1
1253,1,0,0,0,0,1
1254,1,0,0,0,0,1
1255,1,0,0,0,0,1
1256,1,1,0,0,0,1
1257,1,1,0,0,1,0
1258,1,1,0,0,1,0
1259,1,1,0,0,1,0
1260,1,1,0,0,1,0
1261,1,1,0,0,1,0
1262,1,1,0,0,1,0
1263,1,1,0,0,1,0
1264,1,0,0,0,1,0
1265,1,1,0,0,1,0
1266,1,1,0,0,1,0
1267,1,0,0,0,1,0
1268,0,0,0,1,0,0
1269,0,0,1,0,0,0
1270,0,0,1,0,0,0
1271,0,0,1,0,0,0
1272,0,0,1,0,0,0
1273,1,1,0,0,0,0
1274,0,1,0,0,0,0
1275,1,0,1,0,1,1
1276,1,1,0,0,1,1
1277,1,0,0,0,0,1
1278,0,0,0,1,0,0
1279,0,0,1,0,0,0
1280,0,0,1,0,0,0
1281,1,1,0,0,0,0
1282,1,1,0,0,1,1
1283,1,0,0,0,1,1
1284,0,1,0,0,0,0
1285,1,1,1,0,1,1
1286,1,0,0,0,1,1
1287,1,1,0,0,1,1
1288,1,0,0,0,1,1
1289,1,1,0,0,1,1
1290,1,0,0,0,0,1
1291,1,1,0,0,0,1
1292,1,0,0,0,1,0
1293,1,1,0,0,1,0
1294,0,0,0,1,0,0
1295,0,0,1,0,0,0
1296,1,0,0,0,0,0
1297,0,1,0,0,0,0
1298,1,1,0,0,0,0
1299,1,1,0,0,1,1
1300,1,0,0,0,0,1
1301,0,0,1,0,0,0
1302,1,1,0,0,1,1
1303,1,1,0,0,1,0
1304,1,1,0,0,0,0
1305,0,1,0,0,0,0
1306,1,1,0,0,1,1
1307,0,1,0,0,0,0
1308,1,1,0,0,1,1
1309,1,1,0,0,0,0
1310,1,1,0,0,0,1
1311,1,1,0,0,1,1
1312,1,0,0,0,1,1
1313,1,0,0,0,1,1
1314,1,0,0,0,1,1
1315,1,1,0,0,1,1
1316,1,1,0,0,1,1
1317,1,0,0,0,1,1
1318,1,1,0,0,1,1
1319,1,1,0,0,1,1
1320,1,1,0,0,1,1
1321,1,0,0,0,1,1
1322,1,1,0,0,1,1
1323,1,1,0,0,1,1
1324,1,1,0,0,1,1
1325,1,1,1,0,1,1
1326,1,1,1,0,1,1
1327,1,0,1,0,1,1
1328,1,1,1,0,1,1
1329,1,1,0,0,0,1
1330,1,0,0,0,0,1
1331,1,0,0,0,0,1
1332,0,0,0,1,0,0
1333,0,0,0,1,0,0
1334,0,0,0,1,0,0
1335,1,0,0,0,0,0
1336,0,1,0,0,0,0
1337,1,1,0,0,1,1
1338,1,1,0,0,1,1
1339,0,0,1,0,0,0
1340,0,0,0,1,0,0
1341,1,1,0,0,1,1
1342,1,1,0,0,1,1
1343,1,0,0,0,1,1
1344,1,1,0,0,1,1
1345,1,1,0,0,1,1
1346,1,0,0,0,1,1
1347,1,1,1,0,1,1
1348,1,1,1,0,1,1
1349,1,0,0,0,0,1
1350,1,1,1,0,1,0
1351,1,1,0,0,1,0
1352,1,1,1,0,1,0
1353,1,1,1,0,1,0
1354,0,0,0,1,0,0
1355,0,0,1,0,0,0
1356,1,1,0,0,0,0
1357,1,0,0,0,0,0
1358,0,0,0,1,0,0
1359,0,1,0,0,0,0
1360,1,1,1,0,1,1
1361,1,1,0,0,1,1
1362,1,1,0,0,1,1
1363,1,1,0,0,1,1
1364,1,0,0,0,1,1
1365,1,0,0,0,1,1
1366,1,1,0,0,1,1
1367,1,0,0,0,1,0
1368,1,1,0,0,1,0
1369,0,1,0,0,0,0
1370,1,1,1,0,1,1
1371,1,0,0,0,1,1
1372,1,1,0,0,1,1
1373,1,0,0,0,1,1
1374,1,1,0,0,0,1
1375,0,1,0,0,0,0
1376,1,0,0,0,1,1
1377,1,1,0,0,1,1
1378,1,1,1,0,1,1
1379,1,1,1,0,1,1
1380,1,1,1,0,1,1
1381,1,1,0,0,1,1
1382,1,0,0,0,1,1
1383,1,0,0,0,1,1
1384,1,1,0,0,1,1
1385,1,0,0,0,1,1
1386,1,1,0,0,1,1
1387,1,0,0,0,1,1
1388,1,0,0,0,1,1
1389,1,1,0,0,0,1
1390,1,0,0,0,0,1
1391,1,0,0,0,0,1
1392,1,1,0,0,0,1
1393,1,1,1,0,0,1
1394,1,1,0,0,1,0
1395,1,0,0,0,1,0
1396,1,1,0,0,1,0
1397,0,0,0,1,0,0
1398,0,0,0,1,0,0
1399,0,0,0,1,0,0
1400,0,0,1,0,0,0
1401,0,0,1,0,0,0
1402,0,0,1,0,0,0
1403,1,1,0,0,0,0
1404,0,1,0,0,0,0
1405,0,1,0,0,0,0
1406,1,1,0,0,1,1
1407,1,1,0,0,1,1
1408,1,1,0,0,1,1
1409,1,1,0,0,1,1
1410,1,0,0,0,1,1
1411,1,0,0,0,0,1
1412,1,1,0,0,0,1
1413,0,1,0,0,0,0
1414,1,1,0,0,1,1
1415,0,0,0,1,0,0
1416,0,0,1,0,0,0
1417,1,1,0,0,1,1
1418,1,0,1,0,1,1
1419,1,0,0,0,1,1
1420,1,1,0,0,1,1
1421,1,1,0,0,1,1
1422,1,1,0,0,1,1
1423,1,1,0,0,1,1
1424,1,1,0,0,1,1
1425,1,0,0,0,1,1
1426,1,1,0,0,1,1
1427,1,1,0,0,1,1
1428,1,1,1,0,1,1
1429,1,0,0,0,0,1
1430,1,0,0,0,0,1
1431,1,1,0,0,1,0
1432,1,0,0,0,0,0
1433,0,1,0,0,0,0
1434,0,0,1,0,0,0
1435,1,1,0,0,0,1
1436,1,1,0,0,0,0
1437,0,1,0,0,0,0
1438,1,0,0,0,1,1
1439,1,0,0,0,1,1
1440,1,1,0,0,1,1
1441,1,1,0,0,1,1
1442,1,0,0,0,0,1
1443,1,0,0,0,0,1
1444,1,0,0,0,0,1
1445,1,1,0,0,1,0
1446,1,0,0,0,0,0
1447,0,1,0,0,0,0
1448,0,1,0,0,0,0
1449,1,0,0,0,0,1
1450,1,1,1,0,0,1
1451,0,0,0,1,0,0
1452,0,0,0,1,0,0
1453,1,0,0,0,0,0
1454,1,0,1,0,0,0
1455,1,1,0,0,1,1
1456,1,0,0,0,1,1
1457,1,1,1,0,1,1
1458,1,1,0,0,0,1
1459,1,1,0,0,0,0
1460,1,0,0,0,1,1
1461,0,1,0,0,0,0
1462,1,1,0,0,1,1
1463,1,1,0,0,1,0
1464,1,1,1,0,1,1
1465,1,1,0,0,1,1
1466,1,1,0,0,1,0
1467,0,0,0,1,0,0
1468,1,1,0,0,0,0
1469,0,0,0,1,0,0
1470,1,1,1,0,0,1
1471,1,0,0,0,1,1
1472,1,1,0,0,1,0
1473,1,1,0,0,1,0
1474,1,0,0,0,1,1
1475,1,1,1,0,1,1
1476,0,1,1,0,0,0
1477,1,1,0,0,0,1
1478,0,0,0,1,0,0
1479,1,1,0,0,1,1
1480,1,1,0,0,1,1
1481,1,1,0,0,0,1
1482,1,1,1,0,1,0
1483,0,0,0,1,0,0
1484,0,1,0,0,0,0
1485,0,0,0,1,0,0
1486,1,1,0,0,1,0
1487,1,1,0,0,1,1
1488,1,0,0,0,1,1
1489,1,0,0,0,1,1
1490,1,1,0,0,1,1
1491,1,0,0,0,0,1
1492,1,1,1,0,1,0
1493,1,1,0,0,0,0
1494,1,1,0,0,0,1
1495,1,0,0,0,0,1
1496,1,1,0,0,1,1
1497,1,1,0,0,1,1
1498,1,0,0,0,0,1
1499,0,0,0,1,0,0
1500,0,0,1,0,0,0
1501,0,1,0,0,0,0
1502,1,1,0,0,1,0
1503,1,1,0,0,1,1
1504,1,1,0,0,1,1
1505,1,1,0,0,1,1
1506,1,1,1,0,1,1
1507,1,1,1,0,1,1
1508,1,1,1,0,1,1
1509,1,0,1,0,1,1
1510,1,1,0,0,1,1
1511,1,1,0,0,1,1
1512,1,0,0,0,1,1
1513,1,1,0,0,1,1
1514,1,1,0,0,1,1
1515,1,0,0,0,1,1
1516,1,1,0,0,1,1
1517,1,1,0,0,1,1
1518,1,1,0,0,1,1
1519,1,1,0,0,1,1
1520,1,0,0,0,1,1
1521,1,1,0,0,1,1
1522,1,0,0,0,1,1
1523,1,1,1,0,1,1
1524,1,1,1,0,1,1
1525,1,1,1,0,1,1
1526,1,1,0,0,0,1
1527,1,0,0,0,0,1
1528,1,1,0,0,0,1
1529,1,0,0,0,0,1
1530,1,0,0,0,0,1
1531,1,1,0,0,0,1
1532,1,1,0,0,0,1
1533,1,0,0,0,0,1
1534,1,0,0,0,0,1
1535,1,1,0,0,0,1
1536,1,1,1,0,0,1
1537,1,1,0,0,1,0
1538,1,1,0,0,1,0
1539,1,1,0,0,1,0
1540,1,1,0,0,1,0
1541,1,0,0,0,1,0
1542,1,0,0,0,1,0
1543,1,1,0,0,1,0
1544,1,1,0,0,1,0
1545,1,0,0,0,1,0
1546,1,1,0,0,1,0
1547,1,0,0,0,1,0
1548,1,1,0,0,1,0
1549,1,0,0,0,1,0
1550,1,1,1,0,1,0
1551,0,0,0,1,0,0
1552,0,0,0,1,0,0
1553,0,0,0,1,0,0
1554,0,0,0,1,0,0
1555,0,0,0,1,0,0
1556,1,1,0,0,0,0
1557,1,1,0,0,0,0
1558,0,1,1,0,0,0
1559,0,1,0,0,0,0
1560,0,1,0,0,0,0
1561,0,1,0,0,0,0
1562,0,1,0,0,0,0
1563,0,1,0,0,0,0
1564,0,1,0,0,0,0
1565,1,1,0,0,0,0
1566,1,0,1,0,1,1
1567,1,0,0,0,1,0
1568,0,0,0,1,0,0
1569,1,0,0,0,1,1
1570,0,1,0,0,0,0
1571,1,0,0,0,1,1
1572,1,1,0,0,1,1
1573,0,0,0,1,0,0
1574,1,1,0,0,0,0
1575,1,1,0,0,1,1
1576,1,1,1,0,1,1
1577,1,0,0,0,0,1
1578,1,1,0,0,0,1
1579,1,1,0,0,1,0
1580,1,1,0,0,1,0
1581,0,0,0,1,0,0
1582,0,0,0,1,0,0
1583,0,0,1,0,0,0
1584,1,0,0,0,0,0
1585,1,1,0,0,0,1
1586,0,0,1,0,0,0
1587,1,0,0,0,1,1
1588,1,1,0,0,1,1
1589,1,1,0,0,1,1
1590,1,1,1,0,1,1
1591,1,1,0,0,1,1
1592,1,1,0,0,1,0
1593,1,0,0,0,0,0
1594,1,1,0,0,1,0
1595,1,1,0,0,1,1
1596,1,1,0,0,0,1
1597,1,1,0,0,0,0
1598,1,0,0,0,1,1
1599,1,0,0,0,1,0
1600,1,0,0,0,1,1
1601,1,1,0,0,1,1
1602,0,1,0,0,0,0
1603,1,0,0,0,0,1
1604,0,1,0,0,0,0
1605,1,1,0,0,1,1
1606,1,1,1,0,0,1
1607,1,1,0,0,0,0
1608,1,1,0,0,0,1
1609,1,1,0,0,1,1
1610,1,1,0,0,1,0
1611,1,1,0,0,1,1
1612,1,1,0,0,1,0
1613,1,0,0,0,1,0
1614,1,1,0,0,1,0
1615,1,1,1,0,1,1
1616,1,1,0,0,0,1
1617,1,0,0,0,1,1
1618,1,1,0,0,1,1
1619,1,1,0,0,1,1
1620,0,0,0,1,0,0
1621,0,0,0,1,0,0
1622,1,0,0,0,0,0
1623,1,1,0,0,0,0
1624,0,1,0,0,0,0
1625,1,1,1,0,1,0
1626,1,0,0,0,0,1
1627,0,0,0,1,0,0
1628,0,0,0,1,0,0
1629,1,0,0,0,1,1
1630,1,0,0,0,1,0
1631,1,1,0,0,1,1
1632,1,1,0,0,1,1
1633,1,1,0,0,1,1
1634,1,0,0,0,1,1
1635,1,1,1,0,1,1
1636,0,1,0,0,0,0
1637,0,1,0,0,0,0
1638,1,1,0,0,1,1
1639,1,0,0,0,1,0
1640,0,0,0,1,0,0
1641,1,1,0,0,1,1
1642,1,0,0,0,0,1
1643,1,1,0,0,1,1
1644,1,1,1,0,1,1
1645,1,0,0,0,1,1
1646,1,1,0,0,0,1
1647,1,1,0,0,0,1
1648,1,1,0,0,1,0
1649,1,1,1,0,1,0
1650,0,0,0,1,0,0
1651,0,0,0,1,0,0
