id,REF_1,REF_10,REF_11,REF_2,REF_3,REF_4,REF_5,REF_6,REF_7,REF_8,REF_9,REF_Heizungstausch,REF_Thermische_Sanierung,REF_Year,REF_COUNT
1,0,0,,0,1,1,1,0,0,1,1,1,1,2013,5
2,,,,,,,,,,,,0,0,,0
3,,,,,,,,,,,,0,0,,0
4,1,0,,1,1,1,1,0,0,0,0,1,1,2018,5
5,1,1,,1,1,1,1,0,0,1,1,1,1,vor 2010,8
6,1,0,0,1,1,1,1,1,1,0,0,1,1,2017,7
7,1,0,,1,1,1,1,0,0,0,0,1,1,2020,5
8,1,1,,1,1,1,1,1,1,1,1,1,1,2021,10
9,0,0,,1,0,1,1,0,0,0,0,1,1,2021,3
10,0,0,0,1,0,0,1,0,0,0,0,1,1,2021,2
11,0,0,0,1,0,1,1,0,0,1,0,1,1,2023,4
12,1,0,,1,0,0,1,0,0,0,0,1,1,2014,3
13,1,0,0,0,0,1,1,1,0,1,1,1,1,2019,6
14,0,0,0,1,0,1,1,0,0,0,0,1,1,vor 2010,3
15,0,0,1,1,0,1,1,0,1,0,0,1,1,2021,5
16,0,0,,1,1,1,1,0,0,0,0,1,1,2019,4
17,0,1,,1,0,1,1,1,1,0,0,1,1,2015,6
18,0,0,0,0,0,1,1,1,0,0,0,1,1,2018,3
19,0,0,,1,1,0,1,1,0,0,0,1,1,2020,4
20,0,0,,1,0,1,1,0,1,1,0,1,1,2019,5
21,1,0,,1,0,1,1,0,1,1,1,1,1,vor 2010,7
22,0,0,,1,0,0,1,1,1,1,1,1,1,2018,6
23,1,0,0,1,0,0,1,1,1,1,0,1,1,2019,6
24,0,0,,0,0,1,1,0,0,0,0,1,1,2019,2
25,0,0,,1,0,0,1,1,1,0,0,1,1,2014,4
26,1,0,,0,0,1,1,0,0,1,0,1,1,2022,4
27,0,0,,1,1,1,1,0,1,0,0,1,1,2023,5
28,1,0,,1,0,1,1,1,1,0,0,1,1,2020,6
29,0,1,,1,0,0,1,0,1,1,0,1,1,,5
30,0,0,0,0,0,0,1,0,0,0,0,1,0,2016,1
31,0,1,,0,0,0,1,0,1,1,1,1,0,2023,5
32,0,1,0,0,0,0,1,0,0,1,1,1,0,2022,4
33,0,0,,0,0,0,1,0,1,1,1,1,0,2023,4
34,0,0,,0,0,0,1,0,0,0,0,1,0,2014,1
35,0,0,,0,0,0,1,0,0,0,0,1,0,2018,1
36,0,0,,0,0,0,1,1,0,1,1,1,0,2022,4
37,0,0,,0,0,0,1,0,0,1,0,1,0,2022,2
38,0,0,,0,0,0,1,0,1,1,0,1,0,vor 2010,3
39,0,0,0,0,0,0,1,0,0,1,0,1,0,2022,2
40,0,0,0,0,0,0,1,0,0,1,0,1,0,2022,2
41,1,0,0,1,1,1,0,1,0,0,0,0,1,2022,5
42,0,1,,1,0,0,0,0,0,1,1,0,1,2023,4
43,0,0,,1,0,0,0,0,1,1,1,0,1,2017,4
44,1,0,,1,0,1,0,0,0,1,1,0,1,2023,5
45,0,0,,1,1,1,0,0,0,0,0,0,1,2017,3
46,0,1,0,0,0,1,0,0,0,1,1,0,1,2023,4
47,0,0,,0,1,0,0,0,0,1,1,0,1,2022,3
48,,,,,,,,,,,,0,0,,0
49,,,,,,,,,,,,0,0,,0
50,,,,,,,,,,,,0,0,,0
51,,,,,,,,,,,,0,0,,0
52,,,,,,,,,,,,0,0,,0
53,,,,,,,,,,,,0,0,,0
54,,,,,,,,,,,,0,0,,0
55,,,,,,,,,,,,0,0,,0
56,,,,,,,,,,,,0,0,,0
57,,,,,,,,,,,,0,0,,0
58,,,,,,,,,,,,0,0,,0
59,,,,,,,,,,,,0,0,,0
60,,,,,,,,,,,,0,0,,0
61,,,,,,,,,,,,0,0,,0
62,,,,,,,,,,,,0,0,,0
63,,,,,,,,,,,,0,0,,0
64,0,0,0,0,0,0,0,0,1,0,0,0,0,,1
65,0,0,0,0,0,0,0,0,0,1,1,0,0,2023,2
66,,,,,,,,,,,,0,0,,0
67,,,,,,,,,,,,0,0,,0
68,,,,,,,,,,,,0,0,,0
69,,,,,,,,,,,,0,0,,0
70,1,1,,1,1,1,1,0,0,0,0,1,1,2019,6
71,1,0,0,0,0,0,1,0,1,1,0,1,1,2015,4
72,0,0,,0,0,1,1,0,0,0,0,1,1,,2
73,0,1,,1,0,0,1,0,1,1,1,1,1,2022,6
74,1,0,,1,0,1,1,0,0,0,0,1,1,2014,4
75,0,0,,0,0,0,1,1,0,1,1,1,0,2019,4
76,0,0,,0,0,0,1,0,0,0,0,1,0,2019,1
77,0,0,0,0,0,0,1,0,0,1,1,1,0,2018,3
78,0,0,,0,0,0,1,0,0,0,0,1,0,2019,1
79,0,0,,0,0,0,1,0,0,0,0,1,0,2012,1
80,1,0,0,1,0,1,0,0,1,0,0,0,1,2010,4
81,0,0,,1,0,0,0,0,0,0,0,0,1,2022,1
82,,,,,,,,,,,,0,0,,0
83,,,,,,,,,,,,0,0,,0
84,,,,,,,,,,,,0,0,,0
85,0,0,0,0,0,0,0,0,0,1,0,0,0,2022,1
86,1,0,,1,1,1,1,0,0,0,0,1,1,2020,5
87,1,0,,1,1,1,1,1,1,0,0,1,1,2010,7
88,1,0,,1,1,1,1,0,1,1,0,1,1,2018,7
89,1,0,,1,1,1,1,0,0,0,0,1,1,2020,5
90,1,0,,0,1,0,1,0,0,0,0,1,1,2020,3
91,0,1,,1,0,0,1,0,1,1,1,1,1,,6
92,1,0,,1,0,1,1,1,1,0,0,1,1,,6
93,0,0,,0,0,1,1,0,0,0,0,1,1,2019,2
94,0,0,0,1,0,1,1,0,1,0,0,1,1,2017,4
95,0,0,,1,0,1,1,0,1,1,1,1,1,2022,6
96,1,0,1,1,1,0,1,0,0,1,0,1,1,2016,6
97,1,0,,1,0,1,1,0,0,1,0,1,1,2022,5
98,0,0,,1,0,0,1,0,0,0,0,1,1,vor 2010,2
99,0,0,,1,0,0,1,1,0,0,0,1,1,2020,3
100,1,0,0,0,0,1,1,0,0,1,1,1,1,2022,5
101,0,0,0,0,0,0,1,0,0,0,0,1,0,,1
102,0,0,0,0,0,0,1,0,0,1,0,1,0,2022,2
103,0,,,0,0,0,1,0,1,0,0,1,0,2016,2
104,0,1,,0,0,0,1,0,1,1,1,1,0,2017,5
105,0,0,0,1,0,1,0,0,0,0,0,0,1,2022,2
106,1,0,0,1,0,1,0,1,1,1,1,0,1,2022,7
107,0,1,,1,0,1,0,0,1,0,0,0,1,2018,4
108,,,,,,,,,,,,0,0,,0
109,,,,,,,,,,,,0,0,,0
110,,,,,,,,,,,,0,0,,0
111,,,,,,,,,,,,0,0,,0
112,,,,,,,,,,,,0,0,,0
113,,,,,,,,,,,,0,0,,0
114,,,,,,,,,,,,0,0,,0
115,,,,,,,,,,,,0,0,,0
116,0,0,,0,0,0,0,0,1,0,0,0,0,2018,1
117,0,1,,0,0,0,0,1,1,1,0,0,0,2023,4
118,0,0,0,0,0,0,0,0,0,1,1,0,0,2023,2
119,,,,,,,,,,,,0,0,,0
120,,,,,,,,,,,,0,0,,0
121,,,,,,,,,,,,0,0,,0
122,1,0,,1,1,1,1,1,0,0,0,1,1,vor 2010,6
123,1,0,0,1,1,1,1,0,0,0,0,1,1,2023,5
124,1,0,,1,1,1,1,1,0,0,0,1,1,2019,6
125,1,0,0,1,1,1,1,0,0,0,0,1,1,2015,5
126,1,0,0,1,1,1,1,1,0,0,0,1,1,2018,6
127,0,0,,1,0,0,1,0,0,0,0,1,1,2021,2
128,0,0,,1,0,1,1,1,0,0,0,1,1,2013,4
129,0,0,1,1,1,0,1,0,0,0,1,1,1,2020,5
130,1,0,,1,1,0,1,0,0,1,0,1,1,2021,5
131,0,0,,1,0,0,1,1,0,0,0,1,1,2019,3
132,1,0,,1,0,1,1,0,0,1,1,1,1,2016,6
133,0,0,,0,0,0,1,0,0,0,0,1,0,2022,1
134,0,0,,0,0,0,1,0,0,0,0,1,0,2021,1
135,0,1,,0,0,0,1,0,0,1,0,1,0,2023,3
136,0,0,,0,0,0,1,0,1,1,0,1,0,2013,3
137,1,,,1,1,1,0,1,0,1,0,0,1,2021,6
138,0,,,1,0,0,0,0,1,1,1,0,1,2020,4
139,0,0,1,0,0,1,0,1,0,0,0,0,1,2021,3
140,1,0,,1,1,0,0,0,0,0,0,0,1,2020,3
141,,,,,,,,,,,,0,0,,0
142,,,,,,,,,,,,0,0,,0
143,,,,,,,,,,,,0,0,,0
144,,,,,,,,,,,,0,0,,0
145,,,,,,,,,,,,0,0,,0
146,,,,,,,,,,,,0,0,,0
147,,,,,,,,,,,,0,0,,0
148,,,,,,,,,,,,0,0,,0
149,0,0,,0,0,0,0,0,0,0,0,0,0,2019,0
150,0,0,,0,0,0,0,0,1,1,1,0,0,2021,3
151,,,,,,,,,,,,0,0,,0
152,1,1,,1,1,1,1,1,1,0,0,1,1,2023,8
153,1,1,,1,1,1,1,1,0,1,0,1,1,2020,8
154,1,0,0,1,1,1,1,1,0,1,0,1,1,2023,7
155,1,0,,1,1,1,1,0,1,1,0,1,1,2023,7
156,1,0,0,1,1,1,1,1,1,0,0,1,1,2013,7
157,1,0,,1,1,1,1,0,0,1,0,1,1,2020,6
158,1,1,,1,1,1,1,0,0,1,1,1,1,2023,8
159,1,0,0,1,1,1,1,1,0,0,0,1,1,2021,6
160,1,0,0,1,1,1,1,0,1,0,0,1,1,2012,6
161,1,0,1,1,1,1,1,1,1,0,0,1,1,2022,8
162,1,0,,1,1,1,1,1,0,1,0,1,1,2022,7
163,1,0,,1,1,1,1,0,0,0,0,1,1,2022,5
164,1,0,,1,1,1,1,1,1,0,0,1,1,2020,7
165,1,0,,1,1,1,1,1,0,1,0,1,1,,7
166,0,0,0,1,0,1,1,0,0,0,0,1,1,2021,3
167,0,0,,0,0,1,1,0,0,0,0,1,1,2022,2
168,1,1,,1,0,1,1,1,1,0,0,1,1,2016,7
169,0,1,1,1,0,0,1,1,1,1,1,1,1,2023,8
170,0,0,0,1,0,0,1,1,1,1,1,1,1,vor 2010,6
171,0,0,,0,0,1,1,1,0,0,0,1,1,2019,3
172,1,0,,1,0,1,1,1,0,1,0,1,1,2020,6
173,0,0,0,1,0,1,1,1,1,0,0,1,1,vor 2010,5
174,0,0,,0,0,1,1,0,0,0,0,1,1,2022,2
175,0,0,0,1,0,0,1,1,0,0,0,1,1,2013,3
176,0,0,,0,0,1,1,0,1,1,0,1,1,2013,4
177,0,0,1,1,0,1,1,1,0,0,0,1,1,2015,5
178,1,0,,0,0,1,1,0,0,0,0,1,1,2018,3
179,1,0,,1,0,1,1,1,1,1,0,1,1,2015,7
180,1,0,,0,0,1,1,0,0,1,1,1,1,2019,5
181,1,0,0,0,0,1,1,0,0,0,0,1,1,2017,3
182,0,0,,1,1,1,1,1,1,1,1,1,1,2021,8
183,0,,,0,0,1,1,0,0,0,0,1,1,2022,2
184,0,0,,0,0,1,1,1,0,1,1,1,1,2020,5
185,1,0,,1,0,1,1,0,0,0,0,1,1,2020,4
186,0,0,0,1,0,1,1,0,1,1,0,1,1,vor 2010,5
187,0,0,,1,0,1,1,1,1,1,1,1,1,2023,7
188,1,0,0,1,0,1,1,1,0,1,0,1,1,2020,6
189,0,0,,1,1,1,1,0,0,0,0,1,1,2022,4
190,0,1,,0,0,1,1,1,1,0,0,1,1,2020,5
191,0,0,,0,0,1,1,0,1,1,1,1,1,2021,5
192,1,1,,0,1,1,1,1,1,1,0,1,1,2012,8
193,0,0,,0,0,1,1,1,0,0,0,1,1,2022,3
194,0,0,,1,0,1,1,0,0,0,0,1,1,2020,3
195,1,0,,1,0,1,1,1,1,0,0,1,1,vor 2010,6
196,1,0,,1,0,1,1,1,0,1,0,1,1,,6
197,0,,,1,1,1,1,1,1,1,1,1,1,2023,8
198,1,0,0,1,0,1,1,0,1,0,0,1,1,2018,5
199,0,0,,1,1,1,1,0,1,0,0,1,1,vor 2010,5
200,0,0,,0,0,1,1,0,0,0,0,1,1,2021,2
201,0,0,,1,1,0,1,0,1,0,0,1,1,2015,4
202,1,0,1,0,1,1,1,1,1,1,0,1,1,2021,8
203,0,1,,0,0,1,1,0,0,0,0,1,1,2023,3
204,0,0,0,1,0,0,1,1,1,0,0,1,1,2020,4
205,0,0,,1,1,1,1,1,1,0,0,1,1,2022,6
206,1,0,,1,0,0,1,1,0,1,0,1,1,2022,5
207,0,0,0,1,0,0,1,0,1,1,0,1,1,2017,4
208,1,1,,1,1,0,1,0,0,1,0,1,1,2021,6
209,0,0,,1,0,0,1,0,1,1,1,1,1,2023,5
210,1,0,,1,0,1,1,1,1,0,0,1,1,,6
211,0,0,0,1,0,0,1,0,1,1,1,1,1,2013,5
212,0,0,,1,0,0,1,0,0,0,0,1,1,2021,2
213,1,0,0,1,0,1,1,0,1,1,1,1,1,2015,7
214,0,0,0,0,1,0,1,0,0,1,0,1,1,2020,3
215,0,0,0,0,1,0,1,0,1,1,0,1,1,2022,4
216,1,1,0,1,0,1,1,0,0,1,0,1,1,2018,6
217,0,1,,1,1,0,1,0,1,0,0,1,1,2015,5
218,0,0,,0,0,0,1,0,0,0,0,1,0,2021,1
219,0,0,0,0,0,0,1,0,0,1,1,1,0,2022,3
220,0,0,0,0,0,0,1,0,0,1,1,1,0,2021,3
221,0,0,,0,0,0,1,0,0,0,0,1,0,2018,1
222,0,0,,0,0,0,1,0,0,1,1,1,0,2021,3
223,0,0,0,0,0,0,1,0,0,0,0,1,0,2012,1
224,0,0,0,0,0,0,1,1,1,0,,1,0,,3
225,0,0,0,0,0,0,1,0,1,0,0,1,0,vor 2010,2
226,0,0,,0,0,0,1,0,0,0,0,1,0,2021,1
227,0,0,,0,0,0,1,0,0,1,1,1,0,2023,3
228,0,0,,0,0,0,1,0,1,0,0,1,0,,2
229,0,0,0,0,0,0,1,1,1,1,0,1,0,2020,4
230,0,0,,0,0,0,1,0,0,0,0,1,0,2017,1
231,0,0,,0,0,0,1,0,0,0,0,1,0,2021,1
232,0,0,0,0,0,0,1,0,0,0,0,1,0,2020,1
233,0,0,,0,0,0,1,0,0,0,0,1,0,2020,1
234,0,0,,0,0,0,1,0,0,0,0,1,0,vor 2010,1
235,0,0,,0,0,0,1,0,0,1,1,1,0,,3
236,0,1,,0,0,0,1,0,1,1,1,1,0,2023,5
237,0,1,1,0,0,0,1,1,1,1,1,1,0,2022,7
238,0,1,1,0,0,0,1,0,0,1,1,1,0,2023,5
239,0,0,0,0,0,0,1,0,0,1,1,1,0,2023,3
240,0,0,0,0,0,0,1,1,0,1,1,1,0,2023,4
241,0,0,,0,0,0,1,1,1,1,0,1,0,2018,4
242,0,0,0,0,0,0,1,1,0,1,0,1,0,2021,3
243,1,0,0,1,1,1,0,0,1,0,0,0,1,2022,5
244,1,0,,1,1,1,0,0,0,1,0,0,1,2021,5
245,0,0,,1,1,1,0,1,1,1,1,0,1,2022,7
246,1,0,,1,0,1,0,0,0,0,0,0,1,2020,3
247,0,1,1,0,0,1,0,0,0,1,0,0,1,2017,4
248,0,0,,1,0,1,0,0,1,0,0,0,1,2021,3
249,1,1,,0,0,0,0,0,1,1,0,0,1,2021,4
250,1,0,,1,1,0,0,0,1,1,1,0,1,,6
251,1,0,,1,0,0,0,0,1,1,0,0,1,2013,4
252,0,0,,1,0,1,0,0,1,1,1,0,1,2018,5
253,1,0,1,1,0,1,0,0,1,1,0,0,1,2011,6
254,0,0,,0,0,1,0,0,1,0,0,0,1,vor 2010,2
255,0,0,1,0,0,1,0,0,1,1,1,0,1,2023,5
256,1,0,0,0,0,1,0,0,1,1,1,0,1,2017,5
257,0,0,,1,0,0,0,0,1,0,0,0,1,2013,2
258,0,0,0,1,0,0,0,0,1,0,0,0,1,2012,2
259,1,0,0,0,0,1,0,0,1,1,0,0,1,vor 2010,4
260,1,0,,1,1,0,0,0,1,1,1,0,1,vor 2010,6
261,1,1,,0,0,1,0,0,1,1,1,0,1,2022,6
262,0,0,0,1,1,1,0,1,1,1,1,0,1,2022,7
263,,,,,,,,,,,,0,0,,0
264,,,,,,,,,,,,0,0,,0
265,,,,,,,,,,,,0,0,,0
266,,,,,,,,,,,,0,0,,0
267,,,,,,,,,,,,0,0,,0
268,,,,,,,,,,,,0,0,,0
269,,,,,,,,,,,,0,0,,0
270,,,,,,,,,,,,0,0,,0
271,,,,,,,,,,,,0,0,,0
272,,,,,,,,,,,,0,0,,0
273,,,,,,,,,,,,0,0,,0
274,,,,,,,,,,,,0,0,,0
275,,,,,,,,,,,,0,0,,0
276,,,,,,,,,,,,0,0,,0
277,,,,,,,,,,,,0,0,,0
278,,,,,,,,,,,,0,0,,0
279,,,,,,,,,,,,0,0,,0
280,,,,,,,,,,,,0,0,,0
281,,,,,,,,,,,,0,0,,0
282,,,,,,,,,,,,0,0,,0
283,,,,,,,,,,,,0,0,,0
284,,,,,,,,,,,,0,0,,0
285,,,,,,,,,,,,0,0,,0
286,,,,,,,,,,,,0,0,,0
287,,,,,,,,,,,,0,0,,0
288,,,,,,,,,,,,0,0,,0
289,,,,,,,,,,,,0,0,,0
290,,,,,,,,,,,,0,0,,0
291,,,,,,,,,,,,0,0,,0
292,,,,,,,,,,,,0,0,,0
293,,,,,,,,,,,,0,0,,0
294,,,,,,,,,,,,0,0,,0
295,,,,,,,,,,,,0,0,,0
296,,,,,,,,,,,,0,0,,0
297,,,,,,,,,,,,0,0,,0
298,,,,,,,,,,,,0,0,,0
299,,,,,,,,,,,,0,0,,0
300,,,,,,,,,,,,0,0,,0
301,,,,,,,,,,,,0,0,,0
302,,,,,,,,,,,,0,0,,0
303,0,1,1,0,0,0,0,1,1,1,1,0,0,2020,6
304,0,0,,0,0,0,0,0,1,0,0,0,0,2020,1
305,0,0,0,0,0,0,0,0,1,1,0,0,0,,2
306,0,0,0,0,0,0,0,0,1,1,0,0,0,2016,2
307,0,,,0,0,0,0,0,0,1,1,0,0,2022,2
308,0,0,0,0,0,0,0,0,0,1,1,0,0,2010,2
309,,,,,,,,,,,,0,0,,0
310,,,,,,,,,,,,0,0,,0
311,,,,,,,,,,,,0,0,,0
312,,,,,,,,,,,,0,0,,0
313,,,,,,,,,,,,0,0,,0
314,,,,,,,,,,,,0,0,,0
315,1,0,,1,1,1,1,0,1,0,0,1,1,2012,6
316,1,0,,1,1,1,1,0,0,1,1,1,1,2016,7
317,0,0,0,1,0,1,1,0,0,0,0,1,1,2020,3
318,0,1,,1,1,1,1,1,1,0,0,1,1,2010,7
319,0,0,,0,0,1,1,1,1,1,1,1,1,2022,6
320,0,0,0,1,0,1,1,1,0,0,0,1,1,2023,4
321,1,0,,0,0,1,1,1,1,0,0,1,1,2017,5
322,0,0,,1,0,1,1,1,1,0,0,1,1,2012,5
323,0,0,,1,0,1,1,1,0,0,0,1,1,2015,4
324,1,0,,1,1,0,1,0,1,1,0,1,1,2017,6
325,0,0,0,1,0,0,1,0,0,0,0,1,1,2019,2
326,0,0,,0,0,1,1,0,0,0,0,1,1,2021,2
327,1,0,,1,0,1,1,1,0,1,1,1,1,2021,7
328,0,1,0,1,0,0,1,1,1,1,1,1,1,2020,7
329,0,0,,0,0,1,1,1,0,1,0,1,1,2022,4
330,0,0,,0,0,0,1,0,0,0,0,1,0,2019,1
331,0,0,,0,0,0,1,0,1,0,0,1,0,2010,2
332,0,0,0,0,0,0,1,0,0,0,0,1,0,2018,1
333,0,0,0,0,0,0,1,1,1,1,1,1,0,2022,5
334,1,0,,1,1,1,0,1,1,0,0,0,1,,6
335,0,,,1,0,1,0,1,1,1,0,0,1,2020,5
336,0,0,0,0,1,1,0,0,0,0,0,0,1,vor 2010,2
337,0,0,0,1,0,0,0,0,1,1,0,0,1,2023,3
338,,,,,,,,,,,,0,0,,0
339,,,,,,,,,,,,0,0,,0
340,,,,,,,,,,,,0,0,,0
341,,,,,,,,,,,,0,0,,0
342,,,,,,,,,,,,0,0,,0
343,,,,,,,,,,,,0,0,,0
344,,,,,,,,,,,,0,0,,0
345,,,,,,,,,,,,0,0,,0
346,,,,,,,,,,,,0,0,,0
347,,,,,,,,,,,,0,0,,0
348,,,,,,,,,,,,0,0,,0
349,,,,,,,,,,,,0,0,,0
350,0,0,0,0,0,0,0,0,0,1,1,0,0,2022,2
351,0,0,,0,0,0,0,0,0,0,0,0,0,2020,0
352,0,0,0,0,0,0,0,0,0,1,0,0,0,2022,1
353,,,,,,,,,,,,0,0,,0
354,,,,,,,,,,,,0,0,,0
355,1,0,,1,1,1,1,0,1,0,0,1,1,2015,6
356,0,1,,0,0,0,1,0,0,1,0,1,0,2018,3
357,1,1,,1,1,1,0,0,0,1,1,0,1,2018,7
358,,,,,,,,,,,,0,0,,0
359,,,,,,,,,,,,0,0,,0
360,0,0,0,0,0,0,0,0,0,0,0,0,0,2023,0
361,,,,,,,,,,,,0,0,,0
362,1,1,,1,1,1,1,0,0,1,1,1,1,2019,8
363,1,0,,1,0,1,1,0,0,1,0,1,1,2022,5
364,1,0,,1,0,1,1,0,1,1,0,1,1,2022,6
365,0,0,,0,0,0,1,0,0,0,0,1,0,2021,1
366,0,1,,0,0,0,1,0,0,1,0,1,0,2021,3
367,1,0,,1,1,1,1,1,1,1,0,1,1,2021,8
368,1,0,,1,1,1,1,1,0,1,1,1,1,2016,8
369,1,1,,1,1,1,1,0,0,1,1,1,1,2016,8
370,0,,1,0,0,1,1,1,1,1,1,1,1,2023,7
371,0,0,,1,0,1,1,1,1,0,0,1,1,2010,5
372,1,0,,0,1,1,1,1,0,0,0,1,1,2013,5
373,1,0,,1,0,1,1,0,1,0,0,1,1,2012,5
374,0,0,,1,0,1,1,0,1,1,0,1,1,,5
375,0,0,,1,1,1,1,1,1,0,0,1,1,,6
376,0,0,0,1,1,1,1,0,1,0,0,1,1,2020,5
377,0,1,,0,0,1,1,0,0,1,1,1,1,2023,5
378,1,,0,1,0,1,1,0,0,1,0,1,1,vor 2010,5
379,1,0,,0,0,0,1,1,1,0,0,1,1,2021,4
380,0,0,0,1,0,0,1,0,1,1,0,1,1,2021,4
381,1,1,,1,0,1,1,0,0,1,0,1,1,2021,6
382,1,0,0,1,0,1,1,0,1,1,1,1,1,2023,7
383,0,0,,0,0,1,1,1,0,0,0,1,1,2021,3
384,1,,,1,0,1,1,1,1,1,1,1,1,2023,8
385,1,0,,1,0,0,1,0,0,1,0,1,1,2022,4
386,1,0,,0,0,0,1,0,1,1,0,1,1,2019,4
387,1,,,0,0,1,1,0,1,1,,1,1,2022,5
388,0,0,,0,0,0,1,0,0,1,0,1,0,2022,2
389,0,0,,0,0,0,1,1,1,1,0,1,0,2023,4
390,0,0,0,0,0,0,1,0,1,0,0,1,0,2021,2
391,0,0,1,0,0,0,1,1,0,1,0,1,0,,4
392,0,0,0,0,0,0,1,0,0,1,0,1,0,2019,2
393,0,,0,0,0,0,1,0,0,0,1,1,0,2022,2
394,1,0,,1,0,1,0,1,0,1,0,0,1,2016,5
395,1,0,0,0,0,1,0,0,0,0,0,0,1,2020,2
396,1,1,0,1,1,0,0,0,0,1,1,0,1,2022,6
397,1,0,,1,0,1,0,1,0,1,1,0,1,2021,6
398,1,0,,1,0,1,0,0,0,1,0,0,1,2022,4
399,0,0,,0,1,0,0,0,0,1,1,0,1,2023,3
400,,,,,,,,,,,,0,0,,0
401,,,,,,,,,,,,0,0,,0
402,,,,,,,,,,,,0,0,,0
403,,,,,,,,,,,,0,0,,0
404,,,,,,,,,,,,0,0,,0
405,,,,,,,,,,,,0,0,,0
406,,,,,,,,,,,,0,0,,0
407,0,0,0,0,0,0,0,0,1,0,0,0,0,vor 2010,1
408,0,0,0,0,0,0,0,0,0,0,0,0,0,2012,0
409,0,1,,0,0,0,0,0,0,1,1,0,0,,3
410,0,1,,0,0,0,0,0,0,1,1,0,0,2023,3
411,,,,,,,,,,,,0,0,,0
412,,,,,,,,,,,,0,0,,0
413,0,0,1,0,0,0,1,0,1,0,0,1,0,2022,3
414,1,0,1,1,1,1,1,1,1,0,0,1,1,2023,8
415,0,1,0,0,0,0,1,0,0,0,0,1,0,2017,2
416,0,0,0,0,0,0,1,0,0,0,0,1,0,2021,1
417,,,,,,,,,,,,0,0,,0
418,,,,,,,,,,,,0,0,,0
419,,,,,,,,,,,,0,0,,0
420,,,,,,,,,,,,0,0,,0
421,0,0,0,0,0,0,0,0,1,1,1,0,0,2023,3
422,,,,,,,,,,,,0,0,,0
423,0,0,,0,0,1,1,0,0,1,0,1,1,2021,3
424,1,0,1,1,1,0,1,1,1,1,1,1,1,2011,9
425,0,0,,0,0,0,1,0,0,0,0,1,0,2019,1
426,0,0,,0,0,0,0,0,0,1,0,0,0,2023,1
427,0,0,,1,0,0,1,0,1,0,0,1,1,2012,3
428,1,0,,1,0,0,1,1,1,0,0,1,1,2013,5
429,1,0,,1,1,0,1,0,0,0,,1,1,2013,4
430,1,0,,1,0,1,1,0,0,1,0,1,1,vor 2010,5
431,1,0,0,0,0,1,1,0,0,1,1,1,1,2018,5
432,0,0,,1,1,1,1,1,1,1,0,1,1,2022,7
433,1,0,,1,0,1,1,1,1,1,0,1,1,2014,7
434,0,0,,1,1,1,1,0,1,0,0,1,1,2020,5
435,0,0,,0,0,1,1,0,0,1,0,1,1,2022,3
436,1,0,,1,1,0,1,0,0,0,0,1,1,2017,4
437,0,0,,1,0,0,1,0,0,1,0,1,1,2023,3
438,0,0,0,0,0,0,1,1,0,0,0,1,0,vor 2010,2
439,0,0,,0,0,0,1,0,0,1,,1,0,2021,2
440,0,1,,0,0,0,1,0,1,1,1,1,0,2023,5
441,1,0,,1,1,1,0,0,1,0,0,0,1,2020,5
442,1,0,1,1,1,1,0,1,1,0,0,0,1,2022,7
443,1,0,,1,0,1,0,0,1,0,0,0,1,,4
444,,,,,,,,,,,,0,0,,0
445,,,,,,,,,,,,0,0,,0
446,,,,,,,,,,,,0,0,,0
447,,,,,,,,,,,,0,0,,0
448,,,,,,,,,,,,0,0,,0
449,,,,,,,,,,,,0,0,,0
450,,,,,,,,,,,,0,0,,0
451,,,,,,,,,,,,0,0,,0
452,0,1,0,0,0,0,0,0,1,0,0,0,0,2016,2
453,0,0,,0,0,0,0,0,1,0,0,0,0,2013,1
454,0,0,,0,0,0,0,0,0,1,0,0,0,2021,1
455,0,0,,0,0,0,0,0,1,1,0,0,0,,2
456,1,1,,1,1,1,1,1,0,1,0,1,1,vor 2010,8
457,0,0,0,1,0,1,1,1,0,0,0,1,1,vor 2010,4
458,0,0,,1,0,0,1,0,1,1,0,1,1,2022,4
459,1,0,,1,1,0,1,0,0,0,0,1,1,2013,4
460,0,0,,0,0,1,1,0,0,0,0,1,1,2020,2
461,0,1,,1,0,1,1,1,1,1,0,1,1,2021,7
462,0,1,,0,1,0,1,1,1,1,0,1,1,2021,6
463,0,0,0,0,0,0,1,0,0,0,0,1,0,2019,1
464,1,0,,1,1,1,0,1,1,1,1,0,1,2021,8
465,0,0,,0,0,0,0,0,0,1,0,0,0,2022,1
466,1,0,,1,1,1,1,1,1,0,0,1,1,,7
467,1,0,,1,1,1,1,0,1,1,0,1,1,2018,7
468,1,1,,1,1,1,1,0,0,1,0,1,1,2022,7
469,1,1,,1,1,1,1,1,0,1,1,1,1,2016,9
470,1,0,,1,0,0,1,1,0,0,0,1,1,2021,4
471,1,1,,0,0,1,1,1,1,1,1,1,1,2021,8
472,0,0,0,0,0,1,1,1,1,0,0,1,1,,4
473,1,0,,0,0,1,1,1,0,0,0,1,1,2022,4
474,0,0,,1,0,0,1,0,1,0,0,1,1,2022,3
475,0,1,,0,0,0,1,0,0,1,0,1,0,2016,3
476,0,1,0,0,0,0,1,0,0,1,0,1,0,2021,3
477,0,0,,1,0,1,0,0,0,0,0,0,1,2021,2
478,0,,,1,0,1,0,0,1,0,0,0,1,2021,3
479,,,,,,,,,,,,0,0,,0
480,,,,,,,,,,,,0,0,,0
481,1,0,,1,1,1,1,1,0,0,0,1,1,2012,6
482,1,0,,1,1,1,1,0,0,0,0,1,1,,5
483,1,0,,1,1,1,1,1,0,0,0,1,1,,6
484,1,0,,1,0,1,1,1,0,0,0,1,1,vor 2010,5
485,1,0,,1,1,0,1,0,1,0,0,1,1,2013,5
486,1,0,,1,0,1,1,0,0,0,0,1,1,vor 2010,4
487,1,0,,1,0,0,1,0,0,0,0,1,1,2015,3
488,1,1,,1,0,0,1,1,1,0,0,1,1,2022,6
489,1,1,0,0,1,1,1,1,1,1,1,1,1,2012,9
490,0,0,0,1,0,0,1,0,0,1,0,1,1,2021,3
491,0,1,0,0,0,0,1,0,0,1,0,1,0,,3
492,0,0,,0,0,0,1,1,1,1,0,1,0,2020,4
493,0,1,0,0,0,0,1,0,0,1,0,1,0,2022,3
494,0,0,,1,1,1,0,1,1,0,0,0,1,2023,5
495,,,,,,,,,,,,0,0,,0
496,,,,,,,,,,,,0,0,,0
497,,,,,,,,,,,,0,0,,0
498,,,,,,,,,,,,0,0,,0
499,,,,,,,,,,,,0,0,,0
500,,,,,,,,,,,,0,0,,0
501,,,,,,,,,,,,0,0,,0
502,,,,,,,,,,,,0,0,,0
503,,,,,,,,,,,,0,0,,0
504,,,,,,,,,,,,0,0,,0
505,0,1,,0,0,0,0,0,0,1,1,0,0,2022,3
506,0,0,,0,0,0,0,0,1,0,0,0,0,2010,1
507,,,,,,,,,,,,0,0,,0
508,1,0,,1,1,1,1,0,1,1,1,1,1,2021,8
509,0,0,,0,0,1,1,0,1,1,1,1,1,2021,5
510,0,0,,0,0,0,1,0,1,1,1,1,0,2019,4
511,0,0,,0,0,0,1,0,0,0,0,1,0,2014,1
512,0,0,,1,0,0,0,0,1,1,0,0,1,2019,3
513,,,,,,,,,,,,0,0,,0
514,,,,,,,,,,,,0,0,,0
515,,,,,,,,,,,,0,0,,0
516,,,,,,,,,,,,0,0,,0
517,,,,,,,,,,,,0,0,,0
518,0,0,0,0,0,0,0,0,0,1,0,0,0,2021,1
519,1,0,,1,0,1,1,1,1,1,1,1,1,2016,8
520,1,1,0,1,0,1,1,0,1,1,1,1,1,2022,8
521,0,1,,0,0,0,1,1,1,1,1,1,0,2023,6
522,0,1,,1,0,1,0,0,1,0,0,0,1,2021,4
523,,,,,,,,,,,,0,0,,0
524,1,0,,1,0,1,1,0,1,0,0,1,1,vor 2010,5
525,,,,,,,,,,,,0,0,,0
526,0,0,,0,0,0,1,1,1,1,0,1,0,2020,4
527,0,1,,0,0,0,1,1,1,1,0,1,0,2023,5
528,1,1,1,1,0,1,0,1,1,1,1,0,1,,9
529,,,,,,,,,,,,0,0,,0
530,,,,,,,,,,,,0,0,,0
531,0,0,,0,0,0,0,0,1,1,1,0,0,2022,3
532,,,,,,,,,,,,0,0,,0
533,,,,,,,,,,,,0,0,,0
534,1,0,1,1,1,1,1,0,0,1,0,1,1,2020,7
535,0,0,,0,0,1,1,0,0,1,0,1,1,2020,3
536,0,0,0,0,0,0,1,0,1,0,0,1,0,2017,2
537,,,,,,,,,,,,0,0,,0
538,,,,,,,,,,,,0,0,,0
539,,,,,,,,,,,,0,0,,0
540,1,0,,1,0,1,0,0,0,0,0,0,1,2021,3
541,,,,,,,,,,,,0,0,,0
542,0,0,,1,0,0,1,0,1,1,1,1,1,2022,5
543,1,0,0,1,0,1,0,1,1,1,0,0,1,2014,6
544,,,,,,,,,,,,0,0,,0
545,,,,,,,,,,,,0,0,,0
546,0,,0,0,0,0,0,0,0,1,0,0,0,,1
547,1,1,,1,0,1,1,0,1,1,0,1,1,2021,7
548,0,1,,0,0,1,1,0,0,0,0,1,1,2012,3
549,1,0,,0,0,1,1,1,0,1,1,1,1,2023,6
550,0,0,1,0,0,1,1,0,1,1,0,1,1,2020,5
551,0,0,0,0,1,0,1,0,0,1,0,1,1,2013,3
552,1,0,0,1,1,1,0,1,1,1,0,0,1,2022,7
553,0,0,,1,1,1,0,0,1,0,0,0,1,2020,4
554,,,,,,,,,,,,0,0,,0
555,,,,,,,,,,,,0,0,,0
556,,,,,,,,,,,,0,0,,0
557,1,0,,0,0,1,1,0,1,0,0,1,1,2021,4
558,0,1,,0,0,0,0,0,1,1,1,0,0,2023,4
559,0,0,,0,0,0,1,0,1,1,1,1,0,2023,4
560,0,0,,0,0,0,1,1,0,1,1,1,0,2022,4
561,1,0,,1,0,1,1,1,1,0,0,1,1,2014,6
562,0,0,0,1,0,1,1,0,1,0,0,1,1,2013,4
563,1,0,,1,1,0,1,0,1,1,0,1,1,2022,6
564,0,0,,0,0,0,1,1,0,1,1,1,0,2021,4
565,0,,,0,0,0,1,0,0,0,0,1,0,2020,1
566,,,,,,,,,,,,0,0,,0
567,0,1,,0,0,0,0,0,1,1,1,0,0,2022,4
568,,,,,,,,,,,,0,0,,0
569,0,0,0,0,0,0,0,1,0,1,0,0,0,2023,2
570,1,1,,1,1,1,1,0,0,1,0,1,1,2021,7
571,0,1,,1,0,0,1,0,1,1,1,1,1,2010,6
572,0,0,,1,0,1,0,0,1,1,0,0,1,2020,4
573,,,,,,,,,,,,0,0,,0
574,,,,,,,,,,,,0,0,,0
575,0,0,,0,0,0,0,0,0,1,0,0,0,2023,1
576,0,0,0,0,0,0,1,0,0,0,0,1,0,2020,1
577,,,,,,,,,,,,0,0,,0
578,,,,,,,,,,,,0,0,,0
579,1,0,,1,0,1,1,0,0,0,0,1,1,2013,4
580,1,0,0,1,1,1,1,1,1,0,0,1,1,vor 2010,7
581,0,,,0,0,0,1,0,0,1,0,1,0,vor 2010,2
582,0,0,,0,0,0,1,0,1,0,0,1,0,2016,2
583,1,0,,1,1,1,1,0,0,0,0,1,1,2020,5
584,1,0,,1,0,0,1,0,1,1,0,1,1,2022,5
585,1,0,,1,0,1,1,1,0,0,0,1,1,,5
586,0,0,,1,1,1,1,0,0,0,0,1,1,2022,4
587,0,0,,1,0,0,1,0,0,1,0,1,1,2023,3
588,0,0,,1,0,0,1,1,0,0,0,1,1,2022,3
589,0,0,,0,1,0,1,0,1,0,0,1,1,2021,3
590,0,0,,1,1,0,1,0,1,1,1,1,1,2015,6
591,0,1,,1,0,1,1,1,0,1,0,1,1,2020,6
592,1,0,,0,0,1,1,1,1,1,0,1,1,2012,6
593,0,0,0,0,0,0,1,0,1,0,0,1,0,2020,2
594,0,0,0,0,0,0,1,1,0,0,0,1,0,2020,2
595,0,0,,0,0,0,1,0,0,0,0,1,0,2014,1
596,1,0,,1,1,1,0,1,1,0,0,0,1,2012,6
597,0,0,,0,0,1,0,0,1,1,1,0,1,2022,4
598,1,0,,1,0,1,0,0,0,0,0,0,1,2022,3
599,0,0,,0,0,1,0,0,0,1,0,0,1,2022,2
600,1,1,,1,1,0,0,1,0,1,0,0,1,2021,6
601,,,,,,,,,,,,0,0,,0
602,,,,,,,,,,,,0,0,,0
603,,,,,,,,,,,,0,0,,0
604,,,,,,,,,,,,0,0,,0
605,,,,,,,,,,,,0,0,,0
606,,,,,,,,,,,,0,0,,0
607,,,,,,,,,,,,0,0,,0
608,,,,,,,,,,,,0,0,,0
609,,,,,,,,,,,,0,0,,0
610,,,,,,,,,,,,0,0,,0
611,,,,,,,,,,,,0,0,,0
612,0,1,1,0,0,0,0,1,1,1,1,0,0,2021,6
613,0,0,1,0,0,0,0,0,1,1,1,0,0,2018,4
614,,,,,,,,,,,,0,0,,0
615,1,0,0,1,0,1,0,0,1,1,0,0,1,2020,5
616,,,,,,,,,,,,0,0,,0
617,1,0,0,1,1,1,1,0,1,1,1,1,1,2023,8
618,1,0,0,1,1,1,1,0,1,1,0,1,1,2014,7
619,0,0,,0,0,1,1,0,0,0,0,1,1,2021,2
620,1,1,,0,0,0,1,0,0,1,1,1,1,2021,5
621,1,1,,0,0,0,1,0,0,1,1,1,1,2021,5
622,0,0,,1,1,1,1,1,1,0,0,1,1,2018,6
623,1,0,,1,0,1,1,0,1,1,0,1,1,vor 2010,6
624,1,0,,1,0,0,1,1,1,0,0,1,1,2018,5
625,0,0,,0,0,0,1,0,1,0,0,1,0,2018,2
626,0,0,,0,0,0,1,1,0,1,1,1,0,2018,4
627,0,0,,0,0,0,1,0,0,0,0,1,0,2020,1
628,0,0,,0,0,0,1,0,0,1,0,1,0,2023,2
629,0,0,0,0,0,0,1,0,0,1,1,1,0,2010,3
630,0,0,0,0,0,0,1,0,0,0,0,1,0,2021,1
631,0,1,0,0,0,0,1,0,0,0,0,1,0,2022,2
632,0,1,,0,0,0,1,0,0,1,1,1,0,2022,4
633,0,1,0,0,0,0,1,1,1,1,0,1,0,2011,5
634,0,0,,0,0,0,1,1,0,0,0,1,0,2020,2
635,0,0,0,0,0,0,1,0,0,1,0,1,0,2019,2
636,,,,,,,,,,,,0,0,,0
637,,,,,,,,,,,,0,0,,0
638,0,0,0,0,0,0,0,0,1,0,0,0,0,2012,1
639,,,,,,,,,,,,0,0,,0
640,,,,,,,,,,,,0,0,,0
641,0,0,0,1,1,0,1,0,0,0,0,1,1,2021,3
642,0,0,,1,0,1,1,1,0,0,0,1,1,2020,4
643,,,,,,,,,,,,0,0,,0
644,0,1,1,0,1,0,1,0,1,1,1,1,1,2022,7
645,0,0,,0,0,0,0,0,1,0,0,0,0,2019,1
646,1,1,,1,1,1,1,1,0,1,0,1,1,2019,8
647,0,0,,1,0,1,1,1,0,0,0,1,1,2020,4
648,1,0,,1,0,1,1,0,0,1,1,1,1,2021,6
649,1,0,,1,1,1,1,0,1,0,0,1,1,2015,6
650,1,0,,1,1,1,1,1,0,0,0,1,1,,6
651,1,0,,1,1,1,1,0,1,0,0,1,1,2015,6
652,1,0,,1,1,1,1,1,1,0,0,1,1,2018,7
653,1,0,,1,1,1,1,0,0,0,0,1,1,2021,5
654,1,0,0,1,1,1,1,0,0,0,0,1,1,2021,5
655,1,0,,1,1,1,1,1,1,0,0,1,1,2023,7
656,1,0,,1,1,1,1,0,1,1,1,1,1,vor 2010,8
657,1,0,,1,1,1,1,1,0,1,1,1,1,2022,8
658,1,,,1,1,1,1,1,1,1,,1,1,2016,8
659,1,0,0,1,1,1,1,1,1,0,0,1,1,2012,7
660,1,0,,1,1,1,1,0,1,0,0,1,1,2013,6
661,1,,,1,1,1,1,1,1,1,0,1,1,2020,8
662,1,1,,1,1,1,1,0,0,1,1,1,1,2022,8
663,1,0,,1,1,1,1,0,0,0,0,1,1,2019,5
664,1,1,,1,1,1,1,1,0,1,0,1,1,2022,8
665,1,0,,1,1,1,1,0,1,0,0,1,1,vor 2010,6
666,1,0,,1,1,1,1,0,0,1,0,1,1,2019,6
667,1,0,0,1,1,1,1,0,1,1,0,1,1,2011,7
668,1,0,,1,1,1,1,0,0,0,0,1,1,2020,5
669,1,0,,1,1,1,1,1,1,0,0,1,1,2014,7
670,1,0,,1,1,1,1,1,1,0,0,1,1,,7
671,1,0,,1,1,1,1,0,0,1,0,1,1,,6
672,1,0,,1,1,1,1,1,0,1,0,1,1,2022,7
673,1,0,0,0,0,1,1,0,1,0,0,1,1,2011,4
674,1,0,,1,0,1,1,0,1,0,0,1,1,,5
675,0,0,,1,0,1,1,0,0,1,1,1,1,2023,5
676,1,1,,1,0,0,1,1,1,1,1,1,1,2019,8
677,0,0,,1,0,0,1,0,0,1,0,1,1,2013,3
678,0,1,,1,1,1,1,1,0,1,1,1,1,2022,8
679,0,0,,1,0,0,1,0,0,1,1,1,1,,4
680,0,0,,1,0,0,1,1,0,0,0,1,1,2016,3
681,0,0,0,1,0,1,1,0,1,1,1,1,1,2017,6
682,1,0,,0,0,1,1,0,1,1,0,1,1,2017,5
683,0,0,,0,0,1,1,0,1,0,0,1,1,,3
684,0,0,0,0,0,1,1,0,0,0,0,1,1,2016,2
685,1,0,0,1,0,1,1,1,1,0,0,1,1,vor 2010,6
686,0,0,,0,0,1,1,0,0,1,1,1,1,2020,4
687,0,0,,1,0,0,1,0,1,0,0,1,1,2021,3
688,0,0,0,0,0,1,1,1,0,0,0,1,1,2018,3
689,1,1,0,0,0,1,1,0,0,1,1,1,1,2023,6
690,0,0,,1,0,1,1,1,0,0,0,1,1,2019,4
691,0,0,,1,1,1,1,1,0,0,0,1,1,2022,5
692,0,1,0,0,0,1,1,0,0,0,0,1,1,2011,3
693,1,0,0,1,0,1,1,1,1,0,0,1,1,2015,6
694,1,1,1,1,0,1,1,0,0,1,0,1,1,2023,7
695,1,0,,1,1,0,1,0,1,0,0,1,1,2022,5
696,1,0,,0,0,1,1,0,0,0,0,1,1,2020,3
697,0,0,0,1,0,0,1,0,0,0,0,1,1,2019,2
698,0,1,,1,1,1,1,0,1,0,0,1,1,2022,6
699,0,0,,1,1,0,1,1,0,0,0,1,1,2023,4
700,0,0,,0,0,1,1,0,0,1,0,1,1,2018,3
701,0,0,,1,0,1,1,0,0,0,0,1,1,2019,3
702,0,0,0,1,0,0,1,1,1,1,,1,1,,5
703,1,1,1,1,0,1,1,0,0,1,0,1,1,2022,7
704,0,0,0,1,1,1,1,1,1,0,0,1,1,2018,6
705,1,0,,0,1,1,1,1,0,1,1,1,1,2020,7
706,0,0,0,1,0,1,1,1,0,1,0,1,1,2023,5
707,1,0,0,1,1,0,1,0,1,0,0,1,1,2022,5
708,0,0,0,0,0,1,1,0,0,1,0,1,1,2022,3
709,0,0,0,0,0,1,1,0,0,0,0,1,1,2019,2
710,1,0,,0,0,0,1,0,0,1,0,1,1,2018,3
711,1,0,,1,0,1,1,1,1,1,0,1,1,2011,7
712,1,1,,0,0,1,1,1,1,0,0,1,1,vor 2010,6
713,1,1,,0,0,1,1,1,1,1,1,1,1,2011,8
714,1,1,1,1,1,0,1,0,1,0,0,1,1,2013,7
715,1,0,,1,0,1,1,0,0,0,0,1,1,2018,4
716,0,0,,1,1,1,1,1,1,0,0,1,1,2019,6
717,0,0,0,1,0,0,1,0,1,0,0,1,1,2018,3
718,1,1,,0,0,1,1,1,1,1,1,1,1,2023,8
719,0,0,,1,0,0,1,0,1,1,0,1,1,vor 2010,4
720,1,0,,1,0,1,1,0,1,0,0,1,1,2021,5
721,0,0,0,1,0,0,1,0,0,1,0,1,1,2019,3
722,0,1,,0,0,1,1,0,0,1,0,1,1,2022,4
723,0,0,,1,0,0,1,1,1,0,0,1,1,2016,4
724,1,0,,1,0,1,1,0,1,1,0,1,1,2020,6
725,1,0,,1,0,1,1,1,1,0,0,1,1,,6
726,0,0,0,1,0,1,1,0,0,0,0,1,1,2016,3
727,0,0,,1,0,1,1,0,1,1,0,1,1,2023,5
728,1,0,0,1,0,1,1,1,1,0,0,1,1,2013,6
729,0,0,1,0,0,1,1,0,1,0,0,1,1,2022,4
730,1,1,,1,0,0,1,0,1,1,1,1,1,2023,7
731,1,0,,1,0,1,1,0,0,0,0,1,1,2010,4
732,0,1,,1,0,1,1,1,1,1,1,1,1,2020,8
733,0,0,,1,0,0,1,0,0,1,0,1,1,2022,3
734,0,0,,1,0,0,1,1,1,1,1,1,1,2023,6
735,1,0,0,1,0,1,1,1,1,1,0,1,1,2019,7
736,1,0,0,1,0,1,1,0,1,0,0,1,1,2018,5
737,0,0,,1,1,1,1,0,1,0,0,1,1,vor 2010,5
738,0,,,1,0,0,1,0,1,1,1,1,1,2022,5
739,0,,,1,0,0,1,0,1,1,1,1,1,2022,5
740,0,0,,1,0,1,1,0,1,1,1,1,1,2022,6
741,0,1,,1,0,0,1,0,1,1,1,1,1,,6
742,1,0,,1,1,0,1,1,0,0,0,1,1,2017,5
743,1,0,0,1,0,1,1,1,1,1,1,1,1,2023,8
744,0,1,,1,0,0,1,0,0,1,1,1,1,2023,5
745,0,1,,0,0,1,1,0,1,1,1,1,1,2023,6
746,0,0,0,1,0,1,1,1,1,1,1,1,1,2019,7
747,0,0,1,0,0,1,1,0,1,1,1,1,1,2019,6
748,0,0,,0,1,0,1,0,0,1,1,1,1,2022,4
749,0,0,1,0,1,0,1,0,0,1,0,1,1,2015,4
750,0,0,,1,0,0,1,0,0,0,0,1,1,2021,2
751,0,0,0,1,0,0,1,0,1,1,0,1,1,2015,4
752,0,0,,0,0,0,1,0,1,0,0,1,0,2020,2
753,0,0,,0,0,0,1,1,1,1,0,1,0,2022,4
754,0,0,1,0,0,0,1,1,0,0,0,1,0,2018,3
755,0,1,0,0,0,0,1,0,0,0,0,1,0,2020,2
756,0,0,,0,0,0,1,1,1,1,1,1,0,2023,5
757,0,1,,0,0,0,1,1,0,1,1,1,0,2022,5
758,0,0,,0,0,0,1,0,0,0,0,1,0,2021,1
759,0,,0,0,0,0,1,0,0,0,0,1,0,2020,1
760,0,0,0,0,0,0,1,0,0,0,0,1,0,2021,1
761,0,0,0,0,0,0,1,0,1,1,1,1,0,2014,4
762,0,,,0,0,0,1,1,1,0,0,1,0,2016,3
763,0,0,,0,0,0,1,0,1,1,0,1,0,2022,3
764,0,0,,0,0,0,1,0,0,0,0,1,0,vor 2010,1
765,0,1,,0,0,0,1,0,0,1,1,1,0,2022,4
766,0,0,,0,0,0,1,0,0,0,0,1,0,2022,1
767,0,0,0,0,0,0,1,0,0,0,0,1,0,2019,1
768,0,0,0,0,0,0,1,0,0,1,0,1,0,2021,2
769,0,0,,0,0,0,1,0,1,0,0,1,0,2021,2
770,0,0,,0,0,0,1,0,1,1,0,1,0,2023,3
771,0,0,,0,0,0,1,0,0,0,0,1,0,2020,1
772,0,0,0,0,0,0,1,0,0,0,0,1,0,2018,1
773,0,0,,0,0,0,1,0,1,0,0,1,0,2014,2
774,0,0,0,0,0,0,1,0,0,1,0,1,0,2021,2
775,0,0,0,0,0,0,1,0,0,0,0,1,0,2015,1
776,0,0,0,0,0,0,1,0,0,0,0,1,0,,1
777,0,0,,0,0,0,1,0,1,1,0,1,0,2022,3
778,0,0,,0,0,0,1,0,1,1,1,1,0,2023,4
779,0,0,0,0,0,0,1,0,0,1,1,1,0,2022,3
780,0,0,,0,0,0,1,0,0,0,0,1,0,2020,1
781,0,0,,0,0,0,1,1,0,0,0,1,0,2014,2
782,0,1,,0,0,0,1,0,1,1,1,1,0,2013,5
783,0,0,,0,0,0,1,1,1,1,0,1,0,2021,4
784,0,0,,0,0,0,1,1,1,1,0,1,0,2018,4
785,0,0,,0,0,0,1,0,0,0,0,1,0,2019,1
786,0,0,0,0,0,0,1,0,0,0,0,1,0,2020,1
787,0,0,0,0,0,0,1,0,0,0,0,1,0,2021,1
788,0,,,0,0,0,1,0,1,0,0,1,0,2021,2
789,0,0,1,0,0,0,1,1,1,1,0,1,0,2011,5
790,0,0,0,0,0,0,1,0,0,0,0,1,0,2021,1
791,0,0,,0,0,0,1,0,0,0,0,1,0,2021,1
792,0,0,,0,0,0,1,0,0,1,1,1,0,2019,3
793,0,0,0,0,0,0,1,0,0,1,1,1,0,2022,3
794,0,1,,0,0,0,1,0,0,1,1,1,0,2020,4
795,0,0,,0,0,0,1,0,0,0,0,1,0,2021,1
796,1,0,,1,1,1,0,1,0,0,0,0,1,2013,5
797,1,0,,1,1,1,0,0,1,0,0,0,1,2020,5
798,1,0,,1,1,1,0,0,0,0,0,0,1,2020,4
799,1,0,0,1,1,1,0,0,1,1,0,0,1,2010,6
800,1,0,,1,1,1,0,0,1,0,0,0,1,2021,5
801,1,1,,1,1,1,0,1,0,1,1,0,1,2021,8
802,1,0,,0,0,1,0,1,0,0,0,0,1,2016,3
803,0,0,1,1,0,1,0,0,0,0,0,0,1,2018,3
804,0,0,,1,1,1,0,0,1,0,0,0,1,vor 2010,4
805,0,0,,1,0,1,0,1,1,0,0,0,1,2016,4
806,1,0,0,0,0,0,0,0,1,0,0,0,1,2019,2
807,0,0,0,1,0,1,0,0,0,1,0,0,1,2022,3
808,0,0,,1,0,0,0,1,1,0,0,0,1,2012,3
809,0,0,0,1,0,0,0,0,1,0,0,0,1,,2
810,0,0,,0,1,0,0,0,0,0,0,0,1,2018,1
811,1,0,,0,1,1,0,0,0,1,0,0,1,2023,4
812,0,0,,1,0,1,0,0,0,1,0,0,1,2021,3
813,0,0,,1,0,1,0,0,1,0,0,0,1,2010,3
814,0,0,,0,0,1,0,0,0,1,0,0,1,2017,2
815,1,0,,1,0,1,0,1,1,0,0,0,1,,5
816,0,0,,1,0,0,0,0,1,0,0,0,1,,2
817,0,0,,1,0,1,0,1,1,1,0,0,1,,5
818,0,1,,1,0,1,0,1,1,1,,0,1,2023,6
819,0,1,0,0,0,1,0,1,0,1,1,0,1,2021,5
820,1,1,,0,0,1,0,0,0,1,1,0,1,2022,5
821,0,1,,1,0,1,0,0,1,1,1,0,1,2023,6
822,0,0,0,0,1,0,0,0,1,0,0,0,1,2014,2
823,1,0,,1,0,0,0,0,0,0,0,0,1,2022,2
824,1,1,,0,0,1,0,0,1,1,1,0,1,2022,6
825,,,,,,,,,,,,0,0,,0
826,,,,,,,,,,,,0,0,,0
827,,,,,,,,,,,,0,0,,0
828,,,,,,,,,,,,0,0,,0
829,,,,,,,,,,,,0,0,,0
830,,,,,,,,,,,,0,0,,0
831,,,,,,,,,,,,0,0,,0
832,,,,,,,,,,,,0,0,,0
833,,,,,,,,,,,,0,0,,0
834,,,,,,,,,,,,0,0,,0
835,,,,,,,,,,,,0,0,,0
836,,,,,,,,,,,,0,0,,0
837,,,,,,,,,,,,0,0,,0
838,,,,,,,,,,,,0,0,,0
839,,,,,,,,,,,,0,0,,0
840,,,,,,,,,,,,0,0,,0
841,,,,,,,,,,,,0,0,,0
842,,,,,,,,,,,,0,0,,0
843,,,,,,,,,,,,0,0,,0
844,,,,,,,,,,,,0,0,,0
845,,,,,,,,,,,,0,0,,0
846,,,,,,,,,,,,0,0,,0
847,,,,,,,,,,,,0,0,,0
848,,,,,,,,,,,,0,0,,0
849,,,,,,,,,,,,0,0,,0
850,,,,,,,,,,,,0,0,,0
851,,,,,,,,,,,,0,0,,0
852,,,,,,,,,,,,0,0,,0
853,,,,,,,,,,,,0,0,,0
854,,,,,,,,,,,,0,0,,0
855,,,,,,,,,,,,0,0,,0
856,,,,,,,,,,,,0,0,,0
857,,,,,,,,,,,,0,0,,0
858,,,,,,,,,,,,0,0,,0
859,,,,,,,,,,,,0,0,,0
860,,,,,,,,,,,,0,0,,0
861,,,,,,,,,,,,0,0,,0
862,,,,,,,,,,,,0,0,,0
863,,,,,,,,,,,,0,0,,0
864,,,,,,,,,,,,0,0,,0
865,,,,,,,,,,,,0,0,,0
866,,,,,,,,,,,,0,0,,0
867,,,,,,,,,,,,0,0,,0
868,,,,,,,,,,,,0,0,,0
869,,,,,,,,,,,,0,0,,0
870,,,,,,,,,,,,0,0,,0
871,,,,,,,,,,,,0,0,,0
872,,,,,,,,,,,,0,0,,0
873,,,,,,,,,,,,0,0,,0
874,,,,,,,,,,,,0,0,,0
875,,,,,,,,,,,,0,0,,0
876,,,,,,,,,,,,0,0,,0
877,,,,,,,,,,,,0,0,,0
878,,,,,,,,,,,,0,0,,0
879,,,,,,,,,,,,0,0,,0
880,,,,,,,,,,,,0,0,,0
881,,,,,,,,,,,,0,0,,0
882,,,,,,,,,,,,0,0,,0
883,,,,,,,,,,,,0,0,,0
884,,,,,,,,,,,,0,0,,0
885,,,,,,,,,,,,0,0,,0
886,,,,,,,,,,,,0,0,,0
887,,,,,,,,,,,,0,0,,0
888,,,,,,,,,,,,0,0,,0
889,,,,,,,,,,,,0,0,,0
890,,,,,,,,,,,,0,0,,0
891,,,,,,,,,,,,0,0,,0
892,,,,,,,,,,,,0,0,,0
893,,,,,,,,,,,,0,0,,0
894,,,,,,,,,,,,0,0,,0
895,,,,,,,,,,,,0,0,,0
896,,,,,,,,,,,,0,0,,0
897,,,,,,,,,,,,0,0,,0
898,0,0,0,0,0,0,0,0,0,1,1,0,0,2022,2
899,0,0,,0,0,0,0,0,1,0,0,0,0,2015,1
900,0,0,0,0,0,0,0,1,0,1,1,0,0,2022,3
901,0,0,,0,0,0,0,0,1,0,0,0,0,2019,1
902,0,0,,0,0,0,0,1,1,0,0,0,0,2020,2
903,0,0,,0,0,0,0,0,1,1,1,0,0,2023,3
904,0,0,,0,0,0,0,0,1,1,0,0,0,2022,2
905,0,0,,0,0,0,0,0,1,0,0,0,0,2014,1
906,0,0,,0,0,0,0,1,1,1,0,0,0,,3
907,0,0,,0,0,0,0,0,0,1,1,0,0,2022,2
908,0,0,0,0,0,0,0,0,1,1,1,0,0,2017,3
909,0,0,,0,0,0,0,0,0,0,1,0,0,2023,1
910,0,0,,0,0,0,0,0,0,1,1,0,0,,2
911,0,0,,0,0,0,0,0,0,1,1,0,0,2023,2
912,0,0,,0,0,0,0,0,1,0,0,0,0,2012,1
913,0,0,0,0,0,0,0,0,1,0,0,0,0,2021,1
914,0,,,0,0,0,0,0,1,1,1,0,0,2020,3
915,0,1,0,0,0,0,0,1,0,1,0,0,0,2023,3
916,0,0,0,0,0,0,0,0,0,1,1,0,0,2021,2
917,,,,,,,,,,,,0,0,,0
918,0,0,0,0,0,0,0,0,0,1,1,0,0,2021,2
919,,,,,,,,,,,,0,0,,0
920,,,,,,,,,,,,0,0,,0
921,,,,,,,,,,,,0,0,,0
922,,,,,,,,,,,,0,0,,0
923,,,,,,,,,,,,0,0,,0
924,,,,,,,,,,,,0,0,,0
925,,,,,,,,,,,,0,0,,0
926,,,,,,,,,,,,0,0,,0
927,,,,,,,,,,,,0,0,,0
928,,,,,,,,,,,,0,0,,0
929,,,,,,,,,,,,0,0,,0
930,,,,,,,,,,,,0,0,,0
931,,,,,,,,,,,,0,0,,0
932,,,,,,,,,,,,0,0,,0
933,0,0,,1,0,1,0,1,1,0,0,0,1,vor 2010,4
934,0,,,1,1,0,1,0,1,1,0,1,1,2018,5
935,,,,,,,,,,,,0,0,,0
936,0,0,,0,0,0,0,0,0,1,1,0,0,2022,2
937,,,,,,,,,,,,0,0,,0
938,,,,,,,,,,,,0,0,,0
939,0,0,,0,0,0,0,0,1,1,1,0,0,,3
940,1,1,,1,1,1,1,1,1,1,0,1,1,vor 2010,9
941,0,0,,1,0,0,1,0,0,1,1,1,1,2010,4
942,0,0,,1,0,0,1,0,0,1,1,1,1,2019,4
943,,,,,,,,,,,,0,0,,0
944,,,,,,,,,,,,0,0,,0
945,1,0,,1,1,1,1,1,1,1,0,1,1,vor 2010,8
946,,,,,,,,,,,,0,0,,0
947,,,,,,,,,,,,0,0,,0
948,0,1,,0,0,0,0,1,1,1,1,0,0,2022,5
949,0,1,1,0,0,0,1,0,0,1,1,1,0,2023,5
950,1,0,,1,1,1,0,1,1,0,0,0,1,,6
951,1,0,0,1,1,1,1,1,1,1,0,1,1,2017,8
952,0,0,,0,0,1,0,0,0,0,0,0,1,2010,1
953,0,0,0,0,0,0,0,0,0,0,0,0,0,2017,0
954,0,0,,1,0,1,1,1,0,0,0,1,1,2020,4
955,0,0,,1,1,1,1,0,0,0,0,1,1,2020,4
956,0,0,,0,1,0,1,0,0,0,0,1,1,2014,2
957,1,0,,1,0,1,1,0,0,0,0,1,1,2019,4
958,1,0,0,1,0,1,1,0,0,1,1,1,1,2023,6
959,0,0,0,1,0,1,1,0,1,0,0,1,1,vor 2010,4
960,0,1,0,0,0,0,1,0,0,1,1,1,0,2013,4
961,0,1,,0,0,0,1,0,1,1,0,1,0,2019,4
962,0,0,,0,0,0,1,0,0,0,0,1,0,2021,1
963,0,0,,0,0,1,0,0,1,1,0,0,1,,3
964,,,,,,,,,,,,0,0,,0
965,,,,,,,,,,,,0,0,,0
966,,,,,,,,,,,,0,0,,0
967,,,,,,,,,,,,0,0,,0
968,,,,,,,,,,,,0,0,,0
969,1,0,,1,1,1,1,0,1,0,0,1,1,vor 2010,6
970,1,0,,1,1,1,1,1,1,1,0,1,1,2023,8
971,1,0,,1,0,1,1,1,0,0,0,1,1,2018,5
972,1,0,,0,1,1,1,1,1,0,0,1,1,,6
973,0,0,,1,1,1,1,0,1,0,0,1,1,2014,5
974,0,1,,0,0,0,1,1,0,1,1,1,0,2019,5
975,0,0,,0,0,0,1,0,1,0,0,1,0,2021,2
976,1,0,1,1,1,0,0,0,0,0,0,0,1,2021,4
977,,,,,,,,,,,,0,0,,0
978,,,,,,,,,,,,0,0,,0
979,0,0,0,0,0,0,0,0,1,0,0,0,0,2017,1
980,0,1,,1,0,1,0,0,0,1,1,0,1,2020,5
981,0,0,,1,1,1,1,0,0,0,0,1,1,2020,4
982,1,0,,1,0,1,1,0,0,0,0,1,1,2020,4
983,0,0,,1,0,1,1,0,1,1,1,1,1,2023,6
984,0,1,1,1,0,1,1,0,0,1,1,1,1,2023,7
985,1,0,0,1,0,1,1,0,1,1,0,1,1,vor 2010,6
986,0,0,,1,0,0,1,0,0,0,0,1,1,vor 2010,2
987,0,0,,1,0,0,1,0,0,1,1,1,1,2022,4
988,0,1,0,1,1,1,1,1,1,1,1,1,1,2022,9
989,0,0,0,0,0,0,1,0,0,0,0,1,0,2021,1
990,0,0,0,0,0,0,1,1,0,1,0,1,0,2018,3
991,0,0,0,0,0,0,1,1,0,0,0,1,0,2021,2
992,0,0,0,1,0,1,0,1,1,0,0,0,1,2013,4
993,,,,,,,,,,,,0,0,,0
994,,,,,,,,,,,,0,0,,0
995,,,,,,,,,,,,0,0,,0
996,,,,,,,,,,,,0,0,,0
997,,,,,,,,,,,,0,0,,0
998,,,,,,,,,,,,0,0,,0
999,,,,,,,,,,,,0,0,,0
1000,,,,,,,,,,,,0,0,,0
1001,,,,,,,,,,,,0,0,,0
1002,,,,,,,,,,,,0,0,,0
1003,1,0,0,1,1,1,1,1,1,1,0,1,1,2019,8
1004,1,0,1,1,1,1,1,1,0,0,0,1,1,2019,7
1005,1,1,,1,0,1,1,1,0,1,0,1,1,2019,7
1006,1,1,0,1,0,0,1,1,0,1,1,1,1,vor 2010,7
1007,0,0,,1,1,0,1,0,0,1,1,1,1,2021,5
1008,0,0,0,1,1,1,1,0,1,0,0,1,1,vor 2010,5
1009,0,0,0,0,0,0,1,1,0,1,0,1,0,2020,3
1010,0,0,,0,0,0,1,1,0,0,0,1,0,2018,2
1011,1,0,,1,1,0,0,0,1,0,0,0,1,2013,4
1012,,,,,,,,,,,,0,0,,0
1013,,,,,,,,,,,,0,0,,0
1014,,,,,,,,,,,,0,0,,0
1015,,,,,,,,,,,,0,0,,0
1016,,,,,,,,,,,,0,0,,0
1017,,,,,,,,,,,,0,0,,0
1018,,,,,,,,,,,,0,0,,0
1019,1,0,0,1,0,1,1,1,1,1,,1,1,2023,7
1020,0,0,0,0,0,0,1,0,1,1,1,1,0,2016,4
1021,0,0,,0,0,0,1,0,0,1,1,1,0,,3
1022,1,0,1,1,1,1,0,0,1,0,,0,1,2013,6
1023,0,0,0,1,0,1,0,1,0,1,0,0,1,vor 2010,4
1024,0,1,,1,0,1,1,1,0,1,1,1,1,2022,7
1025,1,0,,1,1,1,1,0,0,0,0,1,1,,5
1026,1,0,,0,0,1,1,1,0,0,0,1,1,2020,4
1027,0,1,1,1,1,1,1,1,1,1,0,1,1,2017,9
1028,0,0,0,1,0,1,1,1,1,1,0,1,1,2022,6
1029,1,0,,0,0,1,1,0,1,1,0,1,1,2021,5
1030,1,0,0,1,0,0,0,0,0,0,0,0,1,2015,2
1031,1,0,1,1,1,0,0,0,1,0,0,0,1,2018,5
1032,,,,,,,,,,,,0,0,,0
1033,,,,,,,,,,,,0,0,,0
1034,,,,,,,,,,,,0,0,,0
1035,,,,,,,,,,,,0,0,,0
1036,,,,,,,,,,,,0,0,,0
1037,0,0,,0,0,0,0,0,1,1,0,0,0,2018,2
1038,,,,,,,,,,,,0,0,,0
1039,,,,,,,,,,,,0,0,,0
1040,0,0,,0,0,1,1,0,0,0,0,1,1,2022,2
1041,0,0,,1,0,1,1,0,0,0,0,1,1,2021,3
1042,1,0,,0,0,1,1,0,0,1,0,1,1,2018,4
1043,0,0,,0,0,0,1,1,1,0,0,1,0,2017,3
1044,0,0,0,0,0,1,1,0,0,0,0,1,1,2020,2
1045,1,1,0,0,1,1,1,0,0,1,1,1,1,2022,7
1046,0,0,0,1,0,1,1,0,1,0,0,1,1,2015,4
1047,,,,,,,,,,,,0,0,,0
1048,0,0,,0,0,0,0,0,0,0,0,0,0,2019,0
1049,0,1,,1,0,0,1,0,0,1,1,1,1,2020,5
1050,0,0,,1,0,0,1,1,1,0,0,1,1,2023,4
1051,0,1,0,0,0,1,1,0,1,1,0,1,1,2022,5
1052,1,1,0,1,0,1,1,1,1,1,0,1,1,2019,8
1053,0,0,0,0,0,0,1,0,0,1,1,1,0,2016,3
1054,,,,,,,,,,,,0,0,,0
1055,0,0,,0,0,0,0,0,0,0,0,0,0,2011,0
1056,,,,,,,,,,,,0,0,,0
1057,,,,,,,,,,,,0,0,,0
1058,0,,,0,0,0,1,0,0,1,0,1,0,2022,2
1059,0,0,,0,0,1,1,0,0,0,0,1,1,vor 2010,2
1060,0,1,,1,1,1,0,0,0,1,1,0,1,2022,6
1061,,,,,,,,,,,,0,0,,0
1062,,,,,,,,,,,,0,0,,0
1063,1,0,,1,1,1,1,1,0,1,1,1,1,,8
1064,1,0,0,0,0,1,1,0,1,0,0,1,1,2018,4
1065,0,0,,0,0,0,1,0,1,0,0,1,0,2022,2
1066,,,,,,,,,,,,0,0,,0
1067,0,0,0,0,0,0,0,0,0,1,1,0,0,2023,2
1068,0,0,,0,0,0,0,0,1,1,0,0,0,,2
1069,,,,,,,,,,,,0,0,,0
1070,0,0,0,0,0,1,0,0,1,1,0,0,1,2022,3
1071,0,0,0,0,0,0,1,0,1,0,0,1,0,2017,2
1072,,,,,,,,,,,,0,0,,0
1073,0,0,,0,0,0,1,0,0,0,0,1,0,2018,1
1074,0,1,,0,0,0,1,0,0,1,0,1,0,,3
1075,0,0,0,0,0,0,1,0,0,0,0,1,0,2019,1
1076,0,1,0,0,0,0,1,0,1,0,0,1,0,2019,3
1077,1,,,1,1,1,0,0,1,1,1,0,1,2017,7
1078,0,1,,0,0,1,1,0,0,1,1,1,1,2020,5
1079,0,0,,1,0,1,1,0,1,1,0,1,1,2018,5
1080,1,0,,1,0,1,1,1,1,1,1,1,1,2020,8
1081,1,1,0,0,1,1,1,0,1,1,1,1,1,2023,8
1082,0,0,0,1,0,1,1,1,1,0,0,1,1,2022,5
1083,0,0,0,0,0,0,1,0,0,0,0,1,0,2021,1
1084,,,,,,,,,,,,0,0,,0
1085,,,,,,,,,,,,0,0,,0
1086,,,,,,,,,,,,0,0,,0
1087,0,0,0,0,0,0,0,0,0,1,0,0,0,2021,1
1088,1,1,,1,1,1,1,1,1,0,0,1,1,2021,8
1089,,,,,,,,,,,,0,0,,0
1090,0,1,0,1,0,0,0,1,0,0,0,0,1,2019,3
1091,,,,,,,,,,,,0,0,,0
1092,1,0,,1,0,1,1,0,1,0,0,1,1,2012,5
1093,,,,,,,,,,,,0,0,,0
1094,0,0,,0,0,0,1,0,0,0,0,1,0,2014,1
1095,0,0,0,0,0,0,0,0,0,1,1,0,0,2021,2
1096,0,0,,0,0,1,1,0,0,0,0,1,1,2019,2
1097,1,1,,0,1,0,1,0,1,1,1,1,1,2018,7
1098,0,0,0,1,0,0,1,0,0,1,0,1,1,2023,3
1099,0,1,0,0,0,0,1,1,1,1,1,1,0,2022,6
1100,0,1,0,0,1,0,0,1,1,1,1,0,1,2022,6
1101,,,,,,,,,,,,0,0,,0
1102,0,0,,1,0,1,0,0,0,0,0,0,1,2012,2
1103,0,,,0,0,0,0,0,0,0,0,0,0,2022,0
1104,1,0,0,0,0,0,1,0,0,0,0,1,1,2020,2
1105,0,0,,0,0,1,0,0,1,1,1,0,1,2023,4
1106,1,0,,0,1,1,1,0,1,0,0,1,1,2012,5
1107,0,0,,1,0,1,1,0,0,0,0,1,1,2018,3
1108,0,0,,1,0,0,1,0,0,1,1,1,1,2022,4
1109,,,,,,,,,,,,0,0,,0
1110,1,0,,1,1,1,1,0,1,1,0,1,1,2021,7
1111,1,0,,1,0,1,1,1,1,0,0,1,1,vor 2010,6
1112,0,0,0,0,1,1,1,0,0,0,0,1,1,2018,3
1113,0,0,0,0,0,0,1,1,0,1,0,1,0,2019,3
1114,0,0,,0,0,1,0,0,1,1,1,0,1,2023,4
1115,0,0,,0,0,0,0,1,1,1,1,0,0,2023,4
1116,1,0,1,1,1,1,1,1,1,0,0,1,1,2011,8
1117,0,0,,1,0,1,1,0,0,0,0,1,1,2013,3
1118,0,0,,1,0,1,1,1,1,0,0,1,1,2022,5
1119,0,0,,0,0,0,1,0,1,1,0,1,0,2022,3
1120,0,0,0,0,0,0,1,0,0,1,1,1,0,2023,3
1121,,,,,,,,,,,,0,0,,0
1122,,,,,,,,,,,,0,0,,0
1123,,,,,,,,,,,,0,0,,0
1124,1,0,,1,1,1,1,0,1,0,0,1,1,2010,6
1125,,,,,,,,,,,,0,0,,0
1126,,,,,,,,,,,,0,0,,0
1127,0,0,0,0,1,0,1,0,1,0,0,1,1,2019,3
1128,1,0,,1,1,1,1,1,0,1,0,1,1,2018,7
1129,0,0,,1,0,0,1,0,0,0,0,1,1,2016,2
1130,0,0,,0,0,1,1,0,1,0,0,1,1,2017,3
1131,0,1,,1,0,1,1,1,1,1,1,1,1,2023,8
1132,0,0,,0,0,0,0,0,1,0,0,0,0,2012,1
1133,1,1,,1,1,1,1,1,0,1,0,1,1,2012,8
1134,1,1,0,1,1,1,1,0,0,1,1,1,1,2022,8
1135,,,,,,,,,,,,0,0,,0
1136,0,0,0,0,0,0,0,0,1,0,0,0,0,2016,1
1137,0,,0,0,0,1,1,1,0,1,0,1,1,2022,4
1138,0,0,,0,0,0,1,0,0,0,0,1,0,2021,1
1139,0,0,0,1,0,1,0,0,1,0,0,0,1,2019,3
1140,0,,,0,0,0,0,0,1,0,0,0,0,2015,1
1141,0,1,,0,0,0,1,0,1,1,0,1,0,2017,4
1142,,,,,,,,,,,,0,0,,0
1143,0,0,,0,0,0,1,0,0,0,0,1,0,vor 2010,1
1144,1,0,,0,1,1,1,0,0,1,0,1,1,2019,5
1145,,,,,,,,,,,,0,0,,0
1146,1,0,,1,1,1,1,1,1,0,0,1,1,2018,7
1147,,,,,,,,,,,,0,0,,0
1148,,,,,,,,,,,,0,0,,0
1149,1,0,0,1,1,1,1,1,1,1,0,1,1,,8
1150,1,0,,1,1,1,1,1,0,1,0,1,1,2022,7
1151,1,,,1,1,1,1,1,1,1,,1,1,2019,8
1152,1,,,1,1,1,1,1,1,1,1,1,1,2015,9
1153,0,0,,0,0,1,1,1,1,0,0,1,1,2017,4
1154,0,0,,1,0,0,1,1,1,0,0,1,1,2019,4
1155,0,0,,1,0,1,1,0,0,0,0,1,1,2021,3
1156,0,0,0,1,0,0,1,0,1,1,0,1,1,2022,4
1157,0,0,,1,0,1,1,0,1,0,0,1,1,2021,4
1158,0,0,,1,0,1,1,1,0,0,0,1,1,2018,4
1159,0,0,0,1,0,1,1,0,0,0,0,1,1,2018,3
1160,1,0,0,1,0,0,1,0,0,0,0,1,1,2023,3
1161,1,0,,1,0,1,1,0,0,1,0,1,1,2020,5
1162,1,1,,1,0,1,1,1,1,0,0,1,1,2020,7
1163,1,0,,1,0,0,1,1,1,1,1,1,1,2023,7
1164,0,0,,1,0,0,1,1,0,0,0,1,1,2021,3
1165,1,0,0,1,0,0,1,0,1,0,0,1,1,2014,4
1166,0,0,0,1,0,0,1,0,0,0,0,1,1,2022,2
1167,1,0,,0,0,0,1,0,1,1,0,1,1,2021,4
1168,1,0,0,0,0,0,1,0,1,1,1,1,1,2023,5
1169,1,0,0,1,0,0,1,0,1,0,0,1,1,2018,4
1170,0,0,0,0,0,1,1,1,0,1,0,1,1,2023,4
1171,0,0,,0,0,1,1,0,1,0,0,1,1,2019,3
1172,0,0,,0,1,0,1,0,0,0,0,1,1,2019,2
1173,1,1,,1,0,1,1,0,0,1,0,1,1,2021,6
1174,0,0,,0,0,0,1,0,0,0,0,1,0,2020,1
1175,0,1,,0,0,0,1,0,1,1,1,1,0,2023,5
1176,0,0,,0,0,0,1,0,0,1,1,1,0,vor 2010,3
1177,0,1,,0,0,0,1,1,1,1,1,1,0,2021,6
1178,0,0,,0,0,0,1,0,1,0,0,1,0,2021,2
1179,0,0,0,0,0,0,1,0,0,1,0,1,0,2023,2
1180,0,0,,0,0,0,1,0,0,0,0,1,0,2022,1
1181,0,0,0,0,0,0,1,0,1,1,1,1,0,2022,4
1182,0,0,0,0,0,0,1,0,0,1,1,1,0,vor 2010,3
1183,0,0,,0,0,1,0,0,0,0,0,0,1,2010,1
1184,1,0,0,1,0,1,0,0,1,1,0,0,1,2022,5
1185,1,0,,0,0,1,0,1,1,0,0,0,1,2021,4
1186,1,0,0,1,0,1,0,0,1,1,1,0,1,2019,6
1187,,,,,,,,,,,,0,0,,0
1188,,,,,,,,,,,,0,0,,0
1189,,,,,,,,,,,,0,0,,0
1190,,,,,,,,,,,,0,0,,0
1191,,,,,,,,,,,,0,0,,0
1192,,,,,,,,,,,,0,0,,0
1193,,,,,,,,,,,,0,0,,0
1194,,,,,,,,,,,,0,0,,0
1195,,,,,,,,,,,,0,0,,0
1196,0,0,0,0,0,0,0,0,0,0,0,0,0,2023,0
1197,0,0,0,0,0,0,0,0,1,1,0,0,0,vor 2010,2
1198,0,1,0,0,0,0,0,0,0,1,1,0,0,2023,3
1199,0,0,,0,0,0,0,0,0,1,0,0,0,,1
1200,0,1,,0,0,0,0,0,0,1,1,0,0,2022,3
1201,0,0,,0,0,0,0,0,0,1,0,0,0,,1
1202,,,,,,,,,,,,0,0,,0
1203,,,,,,,,,,,,0,0,,0
1204,,,,,,,,,,,,0,0,,0
1205,,,,,,,,,,,,0,0,,0
1206,,,,,,,,,,,,0,0,,0
1207,,,,,,,,,,,,0,0,,0
1208,,,,,,,,,,,,0,0,,0
1209,,,,,,,,,,,,0,0,,0
1210,1,0,,1,0,1,1,0,0,0,0,1,1,2020,4
1211,1,0,0,0,0,1,0,0,1,1,1,0,1,2014,5
1212,,,,,,,,,,,,0,0,,0
1213,,,,,,,,,,,,0,0,,0
1214,1,0,,0,0,0,1,0,0,0,0,1,1,2019,2
1215,,,,,,,,,,,,0,0,,0
1216,,,,,,,,,,,,0,0,,0
1217,1,0,,1,1,1,1,0,1,0,0,1,1,2021,6
1218,1,0,,1,0,0,1,0,0,0,0,1,1,2016,3
1219,1,0,,1,0,1,1,1,1,0,0,1,1,vor 2010,6
1220,0,0,0,0,0,0,1,0,0,0,0,1,0,2020,1
1221,0,0,,0,0,0,0,0,0,1,0,0,0,vor 2010,1
1222,,,,,,,,,,,,0,0,,0
1223,1,0,0,1,1,1,1,1,0,0,0,1,1,vor 2010,6
1224,1,0,0,0,0,1,1,0,0,0,0,1,1,,3
1225,1,0,,1,0,1,1,0,1,0,0,1,1,2011,5
1226,1,0,0,1,0,1,1,0,1,1,0,1,1,2023,6
1227,1,1,,0,0,1,1,0,0,1,1,1,1,2020,6
1228,1,0,,1,0,1,1,1,0,1,0,1,1,2011,6
1229,0,0,0,0,0,0,1,0,0,0,0,1,0,2021,1
1230,0,0,,0,0,0,1,0,0,1,0,1,0,2023,2
1231,1,0,0,0,0,0,0,1,0,1,1,0,1,2013,4
1232,,,,,,,,,,,,0,0,,0
1233,0,0,,0,0,0,0,0,1,1,,0,0,2022,2
1234,0,0,0,1,0,1,1,0,0,0,0,1,1,2019,3
1235,0,,0,0,0,0,1,0,0,0,0,1,0,2022,1
1236,,,,,,,,,,,,0,0,,0
1237,,,,,,,,,,,,0,0,,0
1238,1,0,,1,1,1,1,0,1,0,0,1,1,2014,6
1239,1,0,,1,1,1,1,0,0,1,0,1,1,2021,6
1240,0,0,,1,1,0,1,1,0,1,1,1,1,2020,6
1241,0,0,,1,1,0,1,0,1,0,0,1,1,2017,4
1242,0,0,,1,1,0,1,1,0,0,0,1,1,2015,4
1243,1,0,0,1,0,1,1,1,1,0,0,1,1,2018,6
1244,0,1,0,1,1,0,1,0,1,1,0,1,1,vor 2010,6
1245,1,0,,1,0,1,1,1,1,1,1,1,1,2022,8
1246,0,0,,0,0,1,1,0,0,1,0,1,1,2018,3
1247,0,1,,0,0,1,1,1,1,1,1,1,1,2022,7
1248,1,1,1,1,0,0,1,0,0,1,1,1,1,2021,7
1249,1,1,0,1,0,1,1,0,0,1,0,1,1,2016,6
1250,0,0,,0,0,0,1,0,0,0,0,1,0,,1
1251,0,0,0,0,0,0,1,0,0,0,0,1,0,2022,1
1252,0,0,,0,0,0,1,1,1,1,0,1,0,vor 2010,4
1253,0,0,0,0,0,0,1,0,0,0,0,1,0,2020,1
1254,0,0,,0,0,0,1,0,0,1,0,1,0,2023,2
1255,0,0,,0,0,0,1,0,0,1,1,1,0,2022,3
1256,0,0,0,0,0,0,1,0,1,1,0,1,0,,3
1257,1,0,,1,1,1,0,1,1,0,0,0,1,2011,6
1258,0,0,,0,1,0,0,0,1,0,0,0,1,2014,2
1259,1,,1,1,0,0,0,0,0,0,0,0,1,2010,3
1260,1,0,,1,0,1,0,1,1,1,1,0,1,2010,7
1261,0,0,,1,0,1,0,0,1,0,0,0,1,2010,3
1262,0,0,1,0,0,1,0,0,1,0,0,0,1,2018,3
1263,0,1,,1,1,0,0,0,0,1,0,0,1,2019,4
1264,0,0,,0,0,1,0,1,1,1,1,0,1,2017,5
1265,0,0,1,1,0,1,0,0,0,0,0,0,1,2022,3
1266,0,0,,0,0,1,0,0,0,1,0,0,1,2022,2
1267,0,0,,1,0,0,0,0,1,1,0,0,1,2019,3
1268,,,,,,,,,,,,0,0,,0
1269,,,,,,,,,,,,0,0,,0
1270,,,,,,,,,,,,0,0,,0
1271,,,,,,,,,,,,0,0,,0
1272,,,,,,,,,,,,0,0,,0
1273,0,1,0,0,0,0,0,1,0,1,1,0,0,2023,4
1274,,,,,,,,,,,,0,0,,0
1275,1,1,0,1,1,1,1,1,0,1,0,1,1,2019,8
1276,0,0,0,1,0,1,1,0,0,0,0,1,1,2020,3
1277,0,0,0,0,0,0,1,0,0,0,0,1,0,2017,1
1278,,,,,,,,,,,,0,0,,0
1279,,,,,,,,,,,,0,0,,0
1280,,,,,,,,,,,,0,0,,0
1281,0,0,,0,0,0,0,0,0,1,1,0,0,2022,2
1282,0,0,,1,1,1,1,0,1,0,0,1,1,2020,5
1283,0,1,0,1,0,0,1,0,0,1,1,1,1,2019,5
1284,,,,,,,,,,,,0,0,,0
1285,1,1,,1,1,1,1,0,0,1,1,1,1,2021,8
1286,0,0,0,1,0,0,1,0,0,1,1,1,1,2021,4
1287,0,1,0,1,1,1,1,0,0,1,0,1,1,2019,6
1288,1,0,0,1,0,1,1,0,1,1,0,1,1,2017,6
1289,0,0,0,1,0,0,1,0,0,0,0,1,1,2019,2
1290,0,0,,0,0,0,1,0,1,1,0,1,0,,3
1291,0,0,,0,0,0,1,0,0,1,0,1,0,2022,2
1292,1,0,,1,1,1,0,0,1,1,1,0,1,2013,7
1293,0,0,,1,0,1,0,1,1,1,0,0,1,2016,5
1294,,,,,,,,,,,,0,0,,0
1295,,,,,,,,,,,,0,0,,0
1296,0,0,,0,0,0,0,0,0,1,1,0,0,2020,2
1297,,,,,,,,,,,,0,0,,0
1298,0,0,,0,0,0,0,0,1,0,0,0,0,2018,1
1299,1,0,,0,1,0,1,1,0,0,0,1,1,,4
1300,0,0,,0,0,0,1,0,0,0,0,1,0,2020,1
1301,,,,,,,,,,,,0,0,,0
1302,1,0,,0,0,1,1,0,0,1,0,1,1,2020,4
1303,0,0,0,1,0,0,0,0,1,1,0,0,1,2021,3
1304,0,0,,0,0,0,0,0,1,0,0,0,0,2016,1
1305,,,,,,,,,,,,0,0,,0
1306,0,1,,0,0,1,1,0,1,1,1,1,1,2021,6
1307,,,,,,,,,,,,0,0,,0
1308,1,0,0,0,0,0,1,0,1,1,0,1,1,2022,4
1309,0,0,,0,0,0,0,1,0,1,1,0,0,2023,3
1310,0,0,,0,0,0,1,0,0,0,0,1,0,2019,1
1311,1,0,,1,1,1,1,1,1,0,0,1,1,2020,7
1312,1,0,0,1,1,1,1,1,0,1,1,1,1,2013,8
1313,1,0,1,1,0,1,1,0,0,1,0,1,1,,6
1314,0,1,0,1,0,1,1,0,0,0,,1,1,2018,4
1315,1,1,,1,0,1,1,0,0,1,0,1,1,2022,6
1316,0,0,1,0,0,1,1,1,0,0,0,1,1,2022,4
1317,1,0,,0,0,1,1,0,1,1,0,1,1,2022,5
1318,0,,,0,0,1,1,1,0,1,1,1,1,2022,5
1319,1,0,,1,0,1,1,0,1,0,0,1,1,vor 2010,5
1320,1,0,,1,0,1,1,1,0,0,0,1,1,2017,5
1321,1,,,1,0,1,1,0,1,1,0,1,1,2022,6
1322,1,0,,0,0,1,1,1,1,1,1,1,1,2016,7
1323,0,0,,0,0,1,1,0,0,0,0,1,1,2017,2
1324,0,0,0,1,0,1,1,0,0,0,0,1,1,2020,3
1325,1,0,,1,0,1,1,1,1,0,0,1,1,2018,6
1326,1,1,0,1,0,1,1,0,1,0,0,1,1,2020,6
1327,1,0,,1,0,1,1,1,1,1,1,1,1,2022,8
1328,1,1,0,0,0,1,1,1,1,1,0,1,1,2016,7
1329,0,0,0,0,0,0,1,0,0,0,0,1,0,2020,1
1330,0,,,0,0,0,1,1,0,1,1,1,0,2022,4
1331,0,0,,0,0,0,1,1,0,1,0,1,0,2020,3
1332,,,,,,,,,,,,0,0,,0
1333,,,,,,,,,,,,0,0,,0
1334,,,,,,,,,,,,0,0,,0
1335,0,1,,0,0,0,0,0,1,1,1,0,0,2023,4
1336,,,,,,,,,,,,0,0,,0
1337,0,0,,0,0,1,1,0,0,0,0,1,1,2022,2
1338,1,0,,1,1,1,1,0,0,0,0,1,1,,5
1339,,,,,,,,,,,,0,0,,0
1340,,,,,,,,,,,,0,0,,0
1341,0,0,,0,0,1,1,1,0,0,0,1,1,2019,3
1342,1,0,,1,1,1,1,0,1,0,0,1,1,2022,6
1343,0,0,,1,0,0,1,0,0,0,0,1,1,2021,2
1344,1,0,0,1,0,1,1,0,1,1,0,1,1,2019,6
1345,1,0,,1,0,1,1,0,1,1,0,1,1,2023,6
1346,0,0,,0,0,1,1,0,0,0,0,1,1,,2
1347,0,1,,1,0,0,1,0,0,1,1,1,1,2019,5
1348,0,1,,1,1,1,1,0,0,1,1,1,1,2020,7
1349,0,0,0,0,0,0,1,0,1,1,0,1,0,2021,3
1350,1,1,,1,1,1,0,0,0,1,0,0,1,2016,6
1351,1,0,0,1,0,1,0,1,1,1,0,0,1,2022,6
1352,1,0,,1,0,1,0,0,1,1,0,0,1,2022,5
1353,1,0,,1,0,1,0,1,1,1,1,0,1,2013,7
1354,,,,,,,,,,,,0,0,,0
1355,,,,,,,,,,,,0,0,,0
1356,0,0,0,0,0,0,0,0,0,0,0,0,0,2010,0
1357,0,0,,0,0,0,0,0,0,1,0,0,0,vor 2010,1
1358,,,,,,,,,,,,0,0,,0
1359,,,,,,,,,,,,0,0,,0
1360,1,1,,1,1,1,1,1,1,1,1,1,1,2022,10
1361,0,0,,0,0,1,1,0,0,0,0,1,1,2020,2
1362,0,1,,0,0,1,1,0,0,1,0,1,1,2021,4
1363,1,0,,1,0,1,1,1,1,0,0,1,1,,6
1364,0,0,,1,0,0,1,1,1,0,0,1,1,2019,4
1365,0,1,0,0,0,1,1,0,0,1,0,1,1,2021,4
1366,0,1,,1,0,0,1,0,1,0,0,1,1,2014,4
1367,1,1,,1,1,1,0,1,0,1,1,0,1,2023,8
1368,0,0,,1,1,1,0,0,0,1,1,0,1,2022,5
1369,,,,,,,,,,,,0,0,,0
1370,1,0,,1,1,1,1,0,0,1,0,1,1,2017,6
1371,1,0,0,1,0,1,1,1,1,0,0,1,1,2020,6
1372,1,0,,1,0,1,1,1,1,0,0,1,1,vor 2010,6
1373,0,1,,1,0,0,1,0,0,1,1,1,1,2019,5
1374,0,0,,0,0,0,1,1,1,1,1,1,0,2022,5
1375,,,,,,,,,,,,0,0,,0
1376,1,0,0,1,1,1,1,0,1,0,0,1,1,2013,6
1377,1,0,,1,1,1,1,0,0,0,0,1,1,2023,5
1378,1,1,,1,1,1,1,0,0,1,0,1,1,vor 2010,7
1379,1,0,,1,1,1,1,1,1,1,0,1,1,2013,8
1380,1,1,,1,1,1,1,1,1,0,0,1,1,2020,8
1381,0,0,,1,1,1,1,1,0,1,0,1,1,2016,6
1382,1,0,0,1,0,1,1,1,1,0,0,1,1,vor 2010,6
1383,1,1,,0,0,1,1,0,1,1,1,1,1,vor 2010,7
1384,0,0,,0,0,1,1,0,1,1,1,1,1,vor 2010,5
1385,0,0,,1,0,0,1,0,1,1,1,1,1,2014,5
1386,0,0,,0,0,1,1,0,0,0,0,1,1,2021,2
1387,0,,,0,0,1,1,0,0,0,0,1,1,2013,2
1388,0,0,,1,0,1,1,0,1,0,0,1,1,2022,4
1389,0,1,,0,0,0,1,0,0,1,0,1,0,2021,3
1390,0,0,,0,0,0,1,0,0,0,0,1,0,2020,1
1391,0,1,,0,0,0,1,1,1,1,1,1,0,2022,6
1392,0,1,,0,0,0,1,1,1,1,1,1,0,2023,6
1393,0,0,,0,0,0,1,0,0,0,0,1,0,2021,1
1394,0,0,,0,0,1,0,1,1,0,0,0,1,,3
1395,1,0,,1,0,1,0,0,1,1,0,0,1,2021,5
1396,0,0,,1,0,0,0,0,0,0,0,0,1,2017,1
1397,,,,,,,,,,,,0,0,,0
1398,,,,,,,,,,,,0,0,,0
1399,,,,,,,,,,,,0,0,,0
1400,,,,,,,,,,,,0,0,,0
1401,,,,,,,,,,,,0,0,,0
1402,,,,,,,,,,,,0,0,,0
1403,0,0,,0,0,0,0,0,0,0,0,0,0,,0
1404,,,,,,,,,,,,0,0,,0
1405,,,,,,,,,,,,0,0,,0
1406,1,0,1,1,1,1,1,1,1,1,0,1,1,2019,9
1407,0,0,,1,0,1,1,0,1,0,0,1,1,2012,4
1408,1,1,,1,0,1,1,0,1,1,1,1,1,2023,8
1409,1,0,,1,0,1,1,0,0,1,0,1,1,2010,5
1410,0,0,,1,0,1,1,0,1,1,1,1,1,2023,6
1411,0,0,,0,0,0,1,1,1,1,1,1,0,2022,5
1412,0,0,,0,0,0,1,0,1,1,0,1,0,2021,3
1413,,,,,,,,,,,,0,0,,0
1414,1,1,1,1,0,1,1,1,1,1,,1,1,2023,9
1415,,,,,,,,,,,,0,0,,0
1416,,,,,,,,,,,,0,0,,0
1417,1,0,,1,1,1,1,1,1,0,0,1,1,2019,7
1418,1,0,,1,1,1,1,1,1,1,0,1,1,2017,8
1419,0,0,,1,0,1,1,0,1,0,0,1,1,2014,4
1420,1,1,,1,1,1,1,1,1,1,0,1,1,2018,9
1421,1,0,,1,1,1,1,1,0,1,0,1,1,2019,7
1422,0,1,,1,0,1,1,1,1,1,1,1,1,2021,8
1423,0,0,0,1,0,1,1,0,1,0,0,1,1,2016,4
1424,0,1,0,1,0,0,1,0,0,1,0,1,1,2022,4
1425,0,0,1,1,0,0,1,1,0,1,1,1,1,2021,6
1426,0,0,,0,0,1,1,0,1,1,1,1,1,2020,5
1427,0,,0,0,1,0,1,0,1,1,1,1,1,2022,5
1428,0,0,,1,0,1,1,0,1,1,1,1,1,2012,6
1429,0,0,,0,0,0,1,0,0,0,0,1,0,2018,1
1430,0,0,,0,0,0,1,0,0,0,0,1,0,2015,1
1431,1,1,,1,0,1,0,0,1,1,0,0,1,2023,6
1432,0,0,0,0,0,0,0,0,0,0,0,0,0,2018,0
1433,,,,,,,,,,,,0,0,,0
1434,,,,,,,,,,,,0,0,,0
1435,0,0,,0,0,0,1,0,0,0,0,1,0,2020,1
1436,0,0,,0,0,0,0,0,0,0,0,0,0,2018,0
1437,,,,,,,,,,,,0,0,,0
1438,1,0,,1,1,1,1,0,1,1,1,1,1,2021,8
1439,1,1,,1,0,1,1,1,0,1,0,1,1,2020,7
1440,1,0,,1,0,1,1,0,0,0,0,1,1,2017,4
1441,1,0,,1,0,1,1,1,1,1,1,1,1,2022,8
1442,0,0,,0,0,0,1,0,1,0,0,1,0,2017,2
1443,0,0,,0,0,0,1,0,0,0,0,1,0,2022,1
1444,0,0,,0,0,0,1,0,1,1,0,1,0,2017,3
1445,1,0,,0,0,1,0,1,1,0,0,0,1,,4
1446,0,,,0,0,0,0,0,0,1,1,0,0,2017,2
1447,,,,,,,,,,,,0,0,,0
1448,,,,,,,,,,,,0,0,,0
1449,0,0,,0,0,0,1,0,0,0,0,1,0,vor 2010,1
1450,0,0,0,0,0,0,1,1,1,0,0,1,0,vor 2010,3
1451,,,,,,,,,,,,0,0,,0
1452,,,,,,,,,,,,0,0,,0
1453,0,0,,0,0,0,0,0,0,1,1,0,0,2020,2
1454,0,1,0,0,0,0,0,0,1,1,1,0,0,,4
1455,1,0,,0,0,0,1,0,1,1,0,1,1,vor 2010,4
1456,0,0,,0,1,0,1,0,1,1,1,1,1,vor 2010,5
1457,0,1,,1,0,1,1,0,0,1,1,1,1,2022,6
1458,0,0,,0,0,0,1,0,1,1,0,1,0,2021,3
1459,0,0,0,0,0,0,0,0,0,1,1,0,0,2022,2
1460,0,0,,1,0,1,1,1,1,0,0,1,1,2022,5
1461,,,,,,,,,,,,0,0,,0
1462,0,1,,1,0,1,1,0,1,1,0,1,1,2017,6
1463,0,0,,0,0,1,0,1,1,1,0,0,1,2012,4
1464,1,1,,1,1,1,1,1,1,1,1,1,1,2020,10
1465,0,1,,1,0,1,1,1,0,1,0,1,1,2022,6
1466,0,0,,1,0,0,0,1,1,1,1,0,1,2015,5
1467,,,,,,,,,,,,0,0,,0
1468,0,0,,0,0,0,0,0,0,1,1,0,0,2021,2
1469,,,,,,,,,,,,0,0,,0
1470,0,0,,0,0,0,1,1,1,0,0,1,0,,3
1471,0,0,0,0,0,1,1,0,0,1,0,1,1,2019,3
1472,0,0,,1,0,1,0,0,0,0,0,0,1,2022,2
1473,1,0,,1,0,1,0,0,1,1,0,0,1,2017,5
1474,0,0,,1,0,1,1,1,0,1,0,1,1,2015,5
1475,1,0,0,1,0,1,1,0,0,0,0,1,1,2023,4
1476,,,,,,,,,,,,0,0,,0
1477,0,0,0,0,0,0,1,0,0,0,0,1,0,2021,1
1478,,,,,,,,,,,,0,0,,0
1479,0,0,,1,0,0,1,0,0,1,0,1,1,2021,3
1480,0,0,0,1,0,0,1,1,1,0,0,1,1,2020,4
1481,0,1,,0,0,0,1,1,1,1,0,1,0,2023,5
1482,1,0,,1,1,1,0,0,1,1,0,0,1,2019,6
1483,,,,,,,,,,,,0,0,,0
1484,,,,,,,,,,,,0,0,,0
1485,,,,,,,,,,,,0,0,,0
1486,0,0,,1,0,1,0,1,0,1,1,0,1,2018,5
1487,1,0,,1,1,1,1,0,0,0,0,1,1,2022,5
1488,0,0,,0,0,1,1,0,0,1,0,1,1,2021,3
1489,1,0,,1,0,1,1,1,1,0,0,1,1,2014,6
1490,1,1,,1,0,1,1,0,1,1,0,1,1,2022,7
1491,0,0,0,0,0,0,1,0,0,0,0,1,0,2020,1
1492,1,0,,1,1,1,0,0,1,0,0,0,1,2021,5
1493,0,0,0,0,0,0,0,0,0,1,0,0,0,2022,1
1494,0,0,0,0,0,0,1,0,0,0,0,1,0,vor 2010,1
1495,0,0,,0,0,0,1,0,1,0,0,1,0,2020,2
1496,0,0,0,1,0,1,1,0,0,0,0,1,1,2019,3
1497,0,0,,0,0,1,1,0,0,0,0,1,1,2020,2
1498,0,0,,0,0,0,1,0,1,0,0,1,0,,2
1499,,,,,,,,,,,,0,0,,0
1500,,,,,,,,,,,,0,0,,0
1501,,,,,,,,,,,,0,0,,0
1502,1,0,0,1,0,1,0,0,0,0,,0,1,2013,3
1503,1,0,,1,1,1,1,1,0,0,0,1,1,2020,6
1504,1,0,,1,1,1,1,1,0,1,1,1,1,,8
1505,1,,,1,1,1,1,1,1,1,1,1,1,2023,9
1506,1,0,,1,1,1,1,0,0,1,1,1,1,,7
1507,1,0,,1,1,1,1,0,0,0,0,1,1,2022,5
1508,1,1,,1,1,1,1,1,0,1,1,1,1,2019,9
1509,1,0,0,1,1,1,1,0,1,1,1,1,1,2016,8
1510,0,1,,0,0,1,1,0,1,0,0,1,1,2021,4
1511,1,0,,0,1,1,1,1,0,0,0,1,1,2022,5
1512,1,1,,1,0,1,1,1,1,1,1,1,1,2013,9
1513,0,0,0,0,0,1,1,0,1,1,0,1,1,2015,4
1514,1,0,,0,0,0,1,0,1,0,0,1,1,2018,3
1515,1,0,,0,1,1,1,1,0,1,0,1,1,2013,6
1516,0,0,,1,0,1,1,0,0,1,0,1,1,2023,4
1517,0,0,,1,0,1,1,1,0,0,0,1,1,2019,4
1518,1,0,,1,0,1,1,1,1,1,0,1,1,2021,7
1519,0,1,,1,1,1,1,1,1,1,1,1,1,2018,9
1520,0,0,,0,0,1,1,0,0,0,0,1,1,2017,2
1521,0,0,0,1,0,1,1,1,1,0,0,1,1,2015,5
1522,1,0,0,1,0,1,1,1,1,1,0,1,1,2012,7
1523,1,0,,1,0,1,1,0,1,0,0,1,1,2022,5
1524,0,1,,0,0,1,1,1,0,1,1,1,1,2023,6
1525,0,0,,0,0,1,1,0,0,0,0,1,1,2020,2
1526,0,0,,0,0,0,1,1,1,0,0,1,0,2013,3
1527,0,0,0,0,0,0,1,0,1,1,0,1,0,2022,3
1528,0,0,0,0,0,0,1,0,1,0,0,1,0,2017,2
1529,0,1,,0,0,0,1,0,1,1,0,1,0,vor 2010,4
1530,0,0,,0,0,0,1,0,1,1,1,1,0,2023,4
1531,0,0,0,0,0,0,1,0,0,1,1,1,0,2022,3
1532,0,1,,0,0,0,1,0,1,1,0,1,0,2021,4
1533,0,0,,0,0,0,1,0,0,1,1,1,0,vor 2010,3
1534,0,0,,0,0,0,1,0,0,0,0,1,0,2021,1
1535,0,0,0,0,0,0,1,0,0,1,1,1,0,2022,3
1536,0,0,,0,0,0,1,0,0,1,1,1,0,2020,3
1537,0,0,,1,0,1,0,1,1,1,0,0,1,2021,5
1538,0,0,,0,0,1,0,0,1,1,0,0,1,2022,3
1539,0,0,0,0,0,1,0,1,1,1,0,0,1,2023,4
1540,1,0,,1,0,0,0,0,1,1,0,0,1,2020,4
1541,0,0,,1,0,0,0,0,1,1,0,0,1,2013,3
1542,1,0,0,1,0,1,0,0,1,0,0,0,1,2011,4
1543,0,0,,0,0,1,0,0,0,0,0,0,1,2021,1
1544,0,0,,1,0,1,0,1,1,1,0,0,1,2016,5
1545,1,0,0,1,0,0,0,0,0,0,0,0,1,2021,2
1546,1,1,,1,0,1,0,0,1,1,1,0,1,2022,7
1547,0,0,,1,0,0,0,1,0,0,0,0,1,2014,2
1548,1,0,,1,0,0,0,0,0,1,0,0,1,2023,3
1549,0,0,,1,0,1,0,0,1,0,0,0,1,2018,3
1550,1,1,,1,1,0,0,1,0,1,0,0,1,2021,6
1551,,,,,,,,,,,,0,0,,0
1552,,,,,,,,,,,,0,0,,0
1553,,,,,,,,,,,,0,0,,0
1554,,,,,,,,,,,,0,0,,0
1555,,,,,,,,,,,,0,0,,0
1556,0,0,,0,0,0,0,0,1,1,0,0,0,vor 2010,2
1557,0,0,,0,0,0,0,0,0,1,1,0,0,2022,2
1558,,,,,,,,,,,,0,0,,0
1559,,,,,,,,,,,,0,0,,0
1560,,,,,,,,,,,,0,0,,0
1561,,,,,,,,,,,,0,0,,0
1562,,,,,,,,,,,,0,0,,0
1563,,,,,,,,,,,,0,0,,0
1564,,,,,,,,,,,,0,0,,0
1565,0,0,,0,0,0,0,0,0,0,0,0,0,2010,0
1566,1,1,,1,1,1,1,0,0,1,1,1,1,2015,8
1567,0,0,0,0,0,1,0,0,0,1,1,0,1,2022,3
1568,,,,,,,,,,,,0,0,,0
1569,1,0,,1,0,1,1,0,1,0,0,1,1,vor 2010,5
1570,,,,,,,,,,,,0,0,,0
1571,1,0,0,1,0,1,1,1,0,1,0,1,1,2019,6
1572,0,0,0,1,0,0,1,0,0,1,0,1,1,2011,3
1573,,,,,,,,,,,,0,0,,0
1574,0,0,,0,0,0,0,0,1,1,1,0,0,2017,3
1575,0,0,,1,0,1,1,0,1,1,1,1,1,2022,6
1576,0,1,,1,1,1,1,1,0,1,0,1,1,2023,7
1577,0,0,0,0,0,0,1,0,0,0,0,1,0,2021,1
1578,0,1,0,0,0,0,1,0,1,1,0,1,0,2019,4
1579,1,0,,1,0,1,0,1,0,0,0,0,1,2022,4
1580,0,0,,1,0,0,0,0,0,0,0,0,1,2022,1
1581,,,,,,,,,,,,0,0,,0
1582,,,,,,,,,,,,0,0,,0
1583,,,,,,,,,,,,0,0,,0
1584,0,0,,0,0,0,0,0,1,0,0,0,0,2018,1
1585,0,0,0,0,0,0,1,0,0,1,1,1,0,2023,3
1586,,,,,,,,,,,,0,0,,0
1587,1,0,0,1,0,0,1,0,1,0,0,1,1,2022,4
1588,0,0,0,0,0,1,1,0,0,1,0,1,1,vor 2010,3
1589,0,0,0,1,0,0,1,0,1,1,0,1,1,2013,4
1590,0,1,,1,0,1,1,1,0,1,0,1,1,2022,6
1591,1,1,,1,0,1,1,0,1,1,1,1,1,2017,8
1592,0,0,,1,0,0,0,0,0,0,0,0,1,2022,1
1593,0,0,0,0,0,0,0,0,1,1,1,0,0,2022,3
1594,0,0,0,1,0,0,0,0,0,0,0,0,1,2023,1
1595,0,0,,1,1,1,1,0,1,1,0,1,1,2022,6
1596,0,0,,0,0,0,1,0,0,0,0,1,0,2015,1
1597,0,0,0,0,0,0,0,0,1,0,0,0,0,2013,1
1598,1,0,,1,0,1,1,0,1,1,0,1,1,2022,6
1599,1,0,,1,0,0,0,1,1,1,1,0,1,2022,6
1600,1,1,,0,0,1,1,0,0,1,1,1,1,2023,6
1601,1,1,,1,0,1,1,1,1,1,,1,1,vor 2010,8
1602,,,,,,,,,,,,0,0,,0
1603,0,0,0,0,0,0,1,0,1,1,0,1,0,,3
1604,,,,,,,,,,,,0,0,,0
1605,1,0,,1,0,1,1,1,1,1,0,1,1,2019,7
1606,0,0,,0,0,0,1,0,0,0,0,1,0,2022,1
1607,0,0,,0,0,0,0,1,1,0,0,0,0,2013,2
1608,0,0,0,0,0,0,1,0,1,1,1,1,0,2021,4
1609,1,0,,1,1,1,1,0,1,1,0,1,1,2020,7
1610,1,1,,0,0,0,0,0,1,1,1,0,1,2018,5
1611,1,0,,1,0,1,1,0,0,0,0,1,1,2010,4
1612,1,0,,1,1,1,0,0,1,0,0,0,1,2014,5
1613,0,0,0,1,0,0,0,0,1,0,0,0,1,2022,2
1614,0,0,,1,0,0,0,0,0,0,0,0,1,2014,1
1615,1,0,,1,0,1,1,1,0,1,0,1,1,2022,6
1616,0,1,,0,0,0,1,0,0,1,0,1,0,2021,3
1617,1,,,1,1,1,1,1,1,1,1,1,1,2010,9
1618,0,0,,1,0,1,1,0,0,0,0,1,1,2021,3
1619,0,0,,1,0,1,1,0,0,0,0,1,1,,3
1620,,,,,,,,,,,,0,0,,0
1621,,,,,,,,,,,,0,0,,0
1622,0,0,,0,0,0,0,0,1,1,1,0,0,2019,3
1623,0,1,1,0,0,0,0,0,1,1,1,0,0,2023,5
1624,,,,,,,,,,,,0,0,,0
1625,0,0,,1,0,1,0,1,0,0,0,0,1,2022,3
1626,0,0,,0,0,0,1,0,0,0,0,1,0,2018,1
1627,,,,,,,,,,,,0,0,,0
1628,,,,,,,,,,,,0,0,,0
1629,0,0,,1,0,1,1,0,1,0,0,1,1,2019,4
1630,0,1,0,0,0,1,0,0,1,1,1,0,1,2022,5
1631,1,0,,1,0,1,1,0,1,1,1,1,1,2021,7
1632,0,,1,1,1,0,1,0,1,1,0,1,1,vor 2010,6
1633,1,0,0,0,1,1,1,0,1,1,1,1,1,2023,7
1634,1,0,,0,0,1,1,0,1,0,0,1,1,2021,4
1635,0,0,1,1,1,1,1,1,0,1,1,1,1,2023,8
1636,,,,,,,,,,,,0,0,,0
1637,,,,,,,,,,,,0,0,,0
1638,1,0,,1,1,1,1,0,1,0,0,1,1,2012,6
1639,1,0,1,1,1,1,0,0,0,1,1,0,1,vor 2010,7
1640,,,,,,,,,,,,0,0,,0
1641,0,0,0,0,0,1,1,0,1,1,1,1,1,2023,5
1642,0,0,,0,0,0,1,0,0,0,0,1,0,2021,1
1643,0,0,,1,0,1,1,1,1,0,0,1,1,2018,5
1644,1,0,,1,1,1,1,0,0,0,0,1,1,2023,5
1645,1,1,1,0,0,1,1,0,1,1,1,1,1,2022,8
1646,0,0,,0,0,0,1,0,0,0,0,1,0,2022,1
1647,0,1,0,0,0,0,1,0,1,1,1,1,0,2020,5
1648,0,0,,0,0,1,0,0,1,1,1,0,1,2016,4
1649,0,0,,0,0,1,0,1,1,0,0,0,1,vor 2010,3
1650,,,,,,,,,,,,0,0,,0
1651,,,,,,,,,,,,0,0,,0
