id,TRIG_1,TRIG_1Text,TRIG_2,TRIG_2Text,TRIG_3,TRIG_4
1,3,"Hoher Energieverbrauch, Kälte von unten",1,Auszug der Mutter ins Altersheim,1,4
2,2,Familiengründung - Geburt von Kindern,2,Umzug von Wien in die Oststeiermark,,2
3,2,,3,,2,4
4,1,Haus war renovierungsbedürftig,2,Alte Fassade aus Eternit,3,2
5,1,Hauskauf,1,,1,4
6,1,Energieausweis,2,Werterhalt,1,1
7,1,,3,,1,4
8,1,Kauf Landwirtschaft,2,Unzureichender Gebäudestandard,1,3
9,2,Kauf gebrauchter Immobilie,3,Bessere Kosten-/Komfortbilanz aufgrund geförderter Investitionen,1,3
10,3,,4,,2,4
11,4,Alterbedingt,4,,3,4
12,1,,3,,2,3
13,1,"Bausubstanz war ca. 50 Jahre alt, es war kalt im Haus",2,Klimawandel- Ausbau Olbrenner,1,2
14,3,Energiekrise,1,Inflation,2,3
15,1,Fensteraustausch  wege undichtheit,1,"hoher ölpreis, Alter (21 Jahre)",1,4
16,2,Sanierungsbedarf aufgrund Alter des Gebäudes,2,Schöneres Wohnen,1,3
17,,,,,,
18,2,Wohnklima,5,,3,3
19,1,Energieverbrauch-/Kosten,2,Heizung Alter,1,5
20,3,,3,,2,4
21,1,,1,,1,1
22,2,Altbestand war uralt,2,Persönliche Haltung zu Energiewende,2,3
23,1,Stromverbrauch,2,Wärmedämmung,1,3
24,1,Kaputte Feststoffheizung,1,,1,2
25,2,Energiepreise,2,,4,3
26,1,Stromkasten veraltet,1,Stromkosten,1,4
27,2,Erhalten des Gebäudes,2,Effizienz/Wirtschaftlichkeit/Komfort,1,4
28,1,Heizungstausch wegen einfachere Arbeitsweise,1,Zimmerausbau  Platzmangel,1,2
29,2,Familie,1,Bessere nutzung des gebäudes und aufwertung,3,4
30,2,Defekt der alten Ölheizung,3,,3,3
31,4,,1,,1,3
32,1,Alte ölheizung,1,Energiepreise,4,3
33,1,Klimawandel,1,Ukrainekrieg,3,4
34,4,in die Jahre gekommene Heizung,4,feuchter Keller,1,4
35,2,,2,,3,2
36,1,Raus aus dem Öl,1,,3,3
37,1,Willkür der Energiekonzerne  und fehlende Hilfe seitens der Regierung,1,Ukraine Krieg und unsichere Zeiten.  Zukunft ist zerstört worden,2,4
38,1,Energie sparen,1,Grüner Fußabdruck,1,2
39,1,Förderung,1,,3,3
40,1,Heizungstausch wegen veralteter Anlage,2,,1,4
41,1,Beitrag für Umwelt,1,"Aussicht auf Förderung, jedoch keine erhalten",1,3
42,2,,2,,3,3
43,5,,3,,3,4
44,1,Ukrainekrise,1,teuerung der Energiekosten,1,1
45,1,Erwerb des EFH 2015 (Baujahr ca 1960),3,Undichte Fenster,1,3
46,2,Gespräch mit Freund,1,Umweltgedanke,3,2
47,1,,2,,4,3
48,,,,,,
49,,,,,,
50,,,,,,
51,,,,,,
52,,,,,,
53,,,,,,
54,4,,1,,,3
55,1,Solarthermie und Photovoltaik passt zur Bauausführung,1,geringere Abhängigkeit von Energieversorgern,,2
56,1,Familiengründung,1,Schaffen von Eigentum,,3
57,1,Wohnraumschaffung Familie,2,Umweltverträgliches Bauen,,2
58,2,Familienplanung,4,,,3
59,2,,1,,,3
60,1,,2,,,4
61,1,Unabhängigkeit,1,,,1
62,2,,1,,,2
63,1,Neu Gründung einer Landwirtschaft,1,,,2
64,2,Ölpreisanstieg 2000,1,Strompreis 2022,4,4
65,2,Strompreis durch Krieg unabhängigkeit,1,Klimakrise,4,4
66,2,Haus geerbt,2,,1,3
67,4,Nein,4,Nein,4,4
68,3,Wenn Kinder zuhause ausbauen,4,Um Geld zu sparen,2,5
69,,,,,,
70,1,Das Haus Baujahr 1955 musste  einmal von Grund auf saniert werden.,1,Im Zuge eines Zubaues wurde im Inneren des Hauses fieles mitsaniert.,1,3
71,2,Energiekosten,1,Umweltschutz,1,4
72,2,,3,,2,4
73,1,Der Ölkessel hat sein Lebensende erreicht,1,,1,3
74,2,hoher Heizbedarf,2,,2,2
75,2,Energiepreis,2,Umweltgedanken,2,2
76,1,Defekt der Ölkesselanlage,1,,1,3
77,2,Kosteneinsparung auf Dauer,2,Bequemlichkeit,4,4
78,1,automatisches Heizsystem,2,,2,2
79,3,Ich hatte Geld gespart,1,"Das Wissen um die Möglichkeiten, das Haus energetisch zu verbessern",1,3
80,1,Energie sparen,1,,1,4
81,3,"stärkere Nutzung eines Teils des Hauses, der schlecht wärmegedämmt war",2,,2,4
82,2,Familiengründung,2,,,3
83,3,Kind 1,1,Kind 2,,3
84,1,Verlegung des Lebensmittelpunktes,1,Erwerb von Eigentum,,3
85,2,Kosten sparen,1,,4,4
86,1,Übernahme nach Todesfall,1,,1,2
87,1,3 Kinder :),1,,1,4
88,3,Heizungskosten senken,2,Optik des Hauses,2,4
89,1,Energieverbrsuch,2,Heizkosten,3,3
90,1,Zubau,3,,2,2
91,3,Veraltetes System,2,Teuerung,2,4
92,1,Stand der Technik,1,Ersparnis laufenden Kosten,2,2
93,1,wann wir immer Älter,1,,1,4
94,1,Dach wurde undicht,1,Ölheizung war schon 25 Jahre alt und sanierungsbedürftig,1,3
95,3,Um Erspartes sinnvoll anzuwenden und Energie zu sparen wurde eine Photovoltaikanlage gemacht,1,Heizungstausch um vom Kohle Gebrauch wegzukommen,3,4
96,1,Hausübernahme renovierungsbedarf,1,Platz für Kinderzimmer,1,2
97,2,,1,,1,2
98,1,Erdölkrise 1980,2,,1,4
99,1,,2,,1,4
100,3,Energiepreissituation,1,Blackout,4,4
101,1,Alte Heizung Defekt,1,,1,1
102,1,Gaskessel war am Ende seiner Lebensdauer,1,,3,4
103,1,Funktionsfähigkeit der alten Heizung,3,,2,3
104,1,Kauf Elektroauto,1,"""Raus aus dem Öl""",3,3
105,1,Altbau aus dem Jahr 1970 - Zeitgemäße Sanierung / Erneuerung,2,,1,4
106,2,Blackout für 3 Tage,2,Senkung Heizkosten,2,2
107,2,Umfahrung,2,Energiekriese,2,4
108,,,,,,
109,,,,,,
110,,,,,,
111,1,Familiengründung,2,Langfristig Kosten überschaubar planen,,2
112,3,Wohnraumbedarf,4,,,4
113,2,,5,,,5
114,5,,5,,,5
115,1,,1,,,3
116,1,Wunsch Pool / Umbau Garten Pool Thermosolar,4,Pandemie / Neugestaltung Innenraum,3,4
117,1,Erhöhung der Stromkosten,2,,4,2
118,2,,1,,3,2
119,4,Wasser im Haus,3,Platzgewinn,1,2
120,1,Geld,1,Zeit,2,3
121,2,Kind,5,,5,2
122,3,Haus überschrieben bekommen,1,das Alter des Hauses,2,2
123,1,,1,,1,1
124,1,,1,,1,1
125,5,Nutzerwechsel,2,,1,2
126,1,,1,,1,1
127,1,Veraltet,3,Vorschrift,2,4
128,2,Kauf eines alten Gebäudes,3,,2,2
129,1,Heizkesseldausch von Öl auf Pellets,1,,1,1
130,3,Umweltschutz,1,Kosten für Heizung,2,4
131,1,,1,,4,4
132,1,Hab es meinen Vater versprochen mich um das Haus zu kümmern,1,,1,4
133,1,Klimaschutz,2,Unabhängigkeit von Fossilien Brennstoff,4,4
134,2,,2,,3,4
135,1,Strompreis,1,Elektrofahrzeug,3,1
136,2,,2,,4,2
137,1,Hauskauf,1,,2,1
138,1,Teuerung,1,,2,4
139,1,Sanierung/ Renovierung/ Ausbau notwendig,1,Lehmfassade und Kläranlage für Nachhaltigkeit angebracht/ eingebaut,1,3
140,2,Notwendigkeit,1,Sinnvolle Investition einer Abfertigung,1,4
141,,,,,,
142,,,,,,
143,,,,,,
144,,,,,,
145,2,Bessere Lebensqualität,2,Mehr Freiraum,,4
146,2,bessere Privatsphäre,1,,,3
147,2,für die Zukunft bauen (Umwelt),1,geringere laufende Kosten,,2
148,1,,2,,,2
149,2,ungewöhnliche Geräusche im Bestand,2,erspartes,1,2
150,2,,2,,3,4
151,1,Nicht mehr schön anzuschauen,2,,2,2
152,1,Eigentum am EFH inkl. Grundstück durch Todesfall in der Familie (daher keine zusätzlichen Kosten f,1,Schaffung von Eigentum,4,3
153,3,,2,,1,4
154,1,,5,,1,4
155,2,Bausubstanz veraltet,2,Energieverbrauch,1,3
156,1,Verbesserung der Wohnqualität,1,,1,3
157,2,,2,,2,3
158,1,alte Heizung veraltet,1,Ukrainekrise,1,1
159,1,Hauskauf,3,,1,2
160,3,Förderungen,2,Alte Fenster und teures Heizen,2,4
161,2,Komfort,1,Energiesparen,1,2
162,1,Renovierung,1,Neue Farbe,1,3
163,1,Hohe Energiepreise/hoher Verlust wegen fehlender Dämmung,1,Ausstieg aus Ölheizung,1,2
164,1,das Haus ist uralt. Baujahr weit vor 1900. Teilweise feucht und keine Fundamente! Im SOmmer angenehm,2,Corona. Aufgrund von Zwangsurlaub mit anschließender Kurzarbeit hatte ich als Bauherr Zeit viele DI,2,4
165,2,Wohnraumschaffung,2,,1,3
166,1,,1,,1,3
167,2,Unzuverlässigkeit + Alter der Ölheizung,2,,1,3
168,1,Altbau geerbt,1,,1,1
169,2,30 Jahre alte Heizung - mit Fehleranfälligkeit,1,gestiegene Strompreise,2,3
170,2,Kosten,2,Unabhängigkeit,2,3
171,1,Alte Heizung kaputt,2,Wunsch auf energetische Sanierung,2,2
172,3,Um- zubau,4,,3,3
173,1,Einsparungen,1,Klimaschutz,3,2
174,2,Alter der Ölheizung - Mangel an Zuverlässigkeit,1,angesagte Ölknappheit bzw. hohe Ölkosten,1,3
175,1,Ölpreise,1,Kälte im Haus,1,1
176,1,Übernahme eines Hauses der Eltern / umfassende energetische Sanierung,1,,2,2
177,1,Nachwuchs,1,Umweltschutz,1,2
178,1,Bestehendes Gebäude nach eigenen Vorstellungen saniert,2,,2,3
179,4,,4,,4,4
180,3,Energieeffizienz und Energiesparen im Sinne der Umwelt,1,Verantwortung gegenüber unseren vier Kindern,2,4
181,1,Energiekriese,2,,3,2
182,3,Energiekosten,2,,2,3
183,1,Alter der Fenster,1,,4,1
184,1,,1,,1,4
185,1,Übernahme des Hauses,2,Sanierung war nötig,1,1
186,1,Energiesparen,1,Gute Geldanlage,2,3
187,1,Bei Übernahme des Gebäudes war der Stand auf ca 1970,4,Steigende Energiepreise,2,4
188,1,Klimawandel,1,,2,4
189,1,Ankauf eines historischen Hauses,1,,1,3
190,1,Altenpflege,1,Umweltbewusstsein,2,4
191,4,,1,,4,4
192,,Energie sparen,1,,2,3
193,2,Alte Fenster undicht,2,Teure Heizmittel - Anschaffung Zusatzherd,1,3
194,3,Hauskauf,2,Ölheizung defekt,1,3
195,3,,1,,4,4
196,2,Renovierung,3,,2,4
197,2,Mein Beitrag zum Klimawandel,1,Die Finanzielle Möglichkeit aufgrund meiner Pensionierung,2,3
198,1,Erbe des Gebäudes,2,,1,2
199,2,Ölpreis,5,,3,4
200,1,Veraltetes Heizungssysten,2,Undichte Fenstef und Türen,1,3
201,4,Sehr alte Dacheindeckung,2,Neue Dachflächenfenster mit Rollläden,1,4
202,3,,2,,1,4
203,3,,2,,1,3
204,1,Erbe,5,,1,1
205,1,Heizungstausch,2,Verschönerung,1,1
206,3,Notwendigkeit,1,Vorausschauend sinnvoll,1,4
207,3,Heizungsanierungsbedürftig,2,,2,3
208,2,Heizungstausch,1,Energiekosten,2,2
209,4,,1,,1,4
210,1,Energiesparen,1,Umweltbelastung senken,1,1
211,1,Energieersparnis,2,Geld auf der Bank brachte nichts,4,4
212,2,Alter der Ölheizung,1,Öokolog. Bewäusstsein,2,4
213,2,,1,,3,4
214,1,Klimwandel,1,,1,3
215,2,Steirisches Feuerungsanlagengesetz 2016,3,Ukrainekrieg,4,3
216,1,Energie Messe Graz,1,,3,4
217,4,Zuwachs der Familie,1,,2,4
218,2,Förderung,4,,2,2
219,3,Stromkosten,2,Effizienzsteigerung bei Stückgutheizung durch Holzvergaserofen und Pufferspeicher,4,4
220,2,,,,,
221,2,Umbau bzw. Ausbau vom Haus,4,Anlage (Heizung) kaputt,4,4
222,1,55 Geburtstag + 25 Jahre = 80,1,,1,4
223,3,Problematik Ölpreis bzw. Versorgung mit Öl,1,Eigener Wald zur Brenholznutzung,4,4
224,1,,1,,5,5
225,2,,1,,3,2
226,1,,4,,4,4
227,2,,1,,3,3
228,4,Wunsch von Scheitholz auf Pellets umzustellen,3,Solaranlage nach 20 Jahre.Sanierungsbedürftig,1,3
229,1,Energieeffizientere Heizung,1,Förderung,4,3
230,1,Alte Heizung zu alt und nicht mehr effizient,2,Sehr gute Förderung zu diesem Zeitpunkt,2,2
231,4,Wärmepumpeneinbau - Holzheizung arbeitsauwendig,3,Holzheizung-Vergaserkessel bei Krankheit nicht möglich,4,4
232,2,Ölheizung alt,1,,3,3
233,4,Projektförderung,2,Familie wächst,1,4
234,1,Todesfall,4,,3,5
235,1,Förderung Raus aus dem Öl,1,,4,4
236,3,,2,,4,4
237,1,,1,,3,3
238,4,,1,,4,4
239,1,Schlechte Heizung,2,Mit der Zeit gehen Strom selber zu erzeugen,2,3
240,3,Weg von Ölheizung,1,Strompreisanstieg,3,4
241,2,,2,,2,3
242,1,Stromkosten sparen,1,,4,2
243,2,Sanierung,2,Umbau,1,2
244,1,Kauf EFH,5,,1,2
245,1,Energiepreise,1,Gedanke Energieverbrauch zu reduzieren und autark zu werden,4,3
246,1,Altes Haus,4,,3,4
247,1,Elektroauto,2,Dazu eine Photovoltaikanlage,5,4
248,1,Dachsanierung,2,Fenster waren undicht,2,3
249,2,,3,,2,3
250,1,Energieersparnis,2,Verschönen,1,2
251,1,Aktion Stadtwerke Hartberg,1,,3,3
252,1,Energie sparen,1,Wir wollen weniger Holz verbrauchen,2,2
253,3,Familienzuwachs,1,,2,3
254,2,Energiekosten,1,,1,3
255,2,"Energieabhängigkeit: Strom,  Wärme, E-Mobilität vermindern",1,,3,4
256,3,Energiekosten,2,Renovierungsbedarf,1,4
257,1,Komfort,2,CO2 einzusparen,1,1
258,1,Zu und Dachbodenausbau,4,,4,4
259,2,,3,,2,3
260,4,Finanzkrise 2008,1,Energiekrise 2022,3,4
261,1,Beitrag zum Klimaschutz,1,Energieeffizienz,3,3
262,3,Wohnraum schaffen für die Familie,1,Strompreiserhöhung,3,3
263,,,,,,
264,,,,,,
265,,,,,,
266,,,,,,
267,,,,,,
268,,,,,,
269,,,,,,
270,,,,,,
271,,,,,,
272,,,,,,
273,,,,,,
274,,,,,,
275,5,Hohe stromkosten,2,,,2
276,1,Umzug,1,Neue Technologie,,2
277,1,Familiengründung,1,Altersvorsorge,,2
278,2,Wunsch nach mehr Ruhe,3,Platz für unsere Tiere,,2
279,1,Geldanlage,3,Eigener Wohnraum,,3
280,1,Umsetzen meiner Hausinnovation,2,Grundstück von Mutter bekommen,,4
281,3,Familiengründung,2,Familienzuwachs,,4
282,2,Klimakrise,1,Gesundheit -feuchter Altbau,,4
283,1,"Eigenheim, waren vorher auf Miete",2,,,3
284,2,Kinder,2,,,4
285,1,Erwin Thoma Bücher,1,Nachhaltig für meine Kinder die Zukunft gestalten,,4
286,2,Eigenheimschaffung,4,,,3
287,1,Familien Zuwachs,,,,
288,2,,4,,,3
289,1,Umziehen,4,,,1
290,2,Platzbedarf,3,,,3
291,1,,1,,,
292,1,Wollten schöner wohnen,2,Wollten ein Eigenheim haben,,2
293,1,,1,,,2
294,2,2. Kind bekommen,2,,,4
295,1,,1,,,3
296,2,,4,,,4
297,3,Energievebrauch,3,,,3
298,1,Platzbedarf,4,Wunsch nach Garten,,4
299,1,Baugrundstück,1,Lage,,4
300,1,Wohnraumschaffung,1,,,2
301,1,,2,,,2
302,1,Hohe Energiepreise,2,Optische Gründe (Fassade somit auch Fenstertausch,,3
303,1,Hohe Energiepreise,1,Gute Förderung,1,1
304,1,Förderung,2,Energiesparen,1,3
305,2,"Feinstaub,Umwelt,Unabhängier",1,,3,4
306,1,Energieverbrauch,2,,3,2
307,4,"Energieautark, blackaut",2,,4,2
308,1,Wohnbedarf,2,,2,3
309,2,,2,,2,4
310,1,Verbesserung notwendig weil alt,1,Förderung,2,2
311,1,leer stehend,3,mieter ausgezogen,2,4
312,1,Zubau,3,Elternhaus nach deren Tod vererbt,2,3
313,1,,3,,2,4
314,1,Einzug in gebrauchtes Gebäude,1,,2,4
315,1,,3,,1,3
316,1,Gründung gemeinsamer Haushalt,1,,4,4
317,2,Schaden am Dach,3,Alte Heizung,1,2
318,2,Ersatz des 40 Jahre alten Heizsystems,3,Sanierung und Wohnbereichserweiterung im Keller,1,3
319,2,,2,,2,3
320,2,Heizkosten,3,Komfort,2,4
321,1,,2,,1,1
322,1,Stromkosten für Warmwasserbereitung zu hoch,2,Zentralheizung war zu erneuern,1,4
323,1,Heizkosten,2,,3,3
324,2,Alter- barrierefrei,1,Preise-Autonom,2,3
325,1,Alter,3,Arbeit,2,4
326,2,Probleme mit alter heizunh,2,Vermietbarkeit,2,3
327,2,Beitrag für besseres Klima,1,Kosten zu sparen,3,3
328,3,Isolierung oberer geschossdecke,1,,1,3
329,3,,2,,4,4
330,1,,1,,2,4
331,1,Heizung erneuern,1,Warmwasserversorgung,2,1
332,3,,,,2,2
333,1,Vorsorge,1,,5,4
334,4,,4,,1,4
335,1,Auszahlung Bausparvertrag,1,"Diskussion ""Raus aus dem Öl""",2,3
336,5,Faulheit,4,,1,4
337,2,,3,,2,3
338,,,,,,
339,,,,,,
340,,,,,,
341,,,,,,
342,,,,,,
343,1,Wunsch nach Eigenheim,2,Probleme mit Vermieter(Pfusch am Bau),,3
344,4,Familien Gründung,2,,,4
345,,,,,,
346,4,E Auto gekauft,2,,,2
347,1,Wohnung zu klein,2,Grünflächen für die Kinder,,3
348,2,Eigenheim statt Miete,2,Unabhängigkeit,,2
349,3,Familienzuwachs,2,,,2
350,1,Strompreise,1,,4,3
351,4,,4,,4,4
352,1,,2,,4,4
353,4,Sturmschaden in der Dachdeckung (Dachschindeln),1,,1,4
354,3,Morscher Teile des Geländers,4,,1,2
355,1,undichte Stellen,2,Feuchtigkeit,1,2
356,1,Mehr Komfort,3,Werterhaltung des Hauses,1,3
357,1,Wohnkomfort,1,Energie Einsparung,1,4
358,,,,,,
359,2,Nachwuchs/Neubau,4,,,4
360,2,Maßnahmen Regierung,3,Strompreise Erhöhung,4,4
361,2,,1,,2,3
362,1,Umweltschutz,1,,1,3
363,1,Eigen Strom Erzeugung,1,Energie sparen,2,1
364,1,Strom unabhängig,1,,4,1
365,4,Klimawandel - weg von Fossilen Brennstoffen,1,Grundsätzliche Energiesparmaßnahmen,1,4
366,2,Klimawandel,2,Kosten,3,3
367,1,Sanierung,1,Energiesparen,1,2
368,3,,1,,3,3
369,5,Hoher Energieverbrauch,1,Wohnqualität,3,3
370,1,Senkung CO2 Fußabdruck,2,Stromversorgung unterbrechungsfrei (Notstrombetrieb),4,4
371,4,Ölheizung zu teuer und alt,3,Warmwasser im Sommer durch solarenergie,2,4
372,1,Energie Einsparung,2,Gutes Angebot,3,3
373,1,Kauf eines Einfamilienhauses,2,,1,2
374,4,Hofübernahme,4,Fenster kaputt,1,4
375,1,,,,1,
376,2,Fällige Renovierung,3,,1,2
377,4,,1,,1,4
378,1,Energiesparend,1,Kostensparend,1,1
379,1,Energiekrise,1,Steigende Preise,1,4
380,3,,2,,3,4
381,2,Wärmedämmung unzureichend,1,Heizungstausch weg vom Heizöl,2,4
382,2,"Inflation, Geldentwertung",1,"Energiekrise, Blackout-Wahrscheinlichkeit",2,2
383,2,,2,,2,2
384,1,,1,,2,2
385,2,Haus 2013 von Eltern übernommen und damals mehrphasigen Plan überlegt,1,,1,3
386,2,Steigende Energiekosten,1,Klimaschutz,3,3
387,1,Umwelt schonen,1,Förderung,3,3
388,1,Niedriger Zinssatz für Sparen,1,3 Kinder,2,4
389,2,Energiepreise,1,Unsicherheiten,2,4
390,2,Raus aus Öl,2,,4,4
391,5,,1,,2,4
392,2,Heizölpreis,1,Strompreis,1,2
393,1,,1,,2,3
394,3,"Zubau, finanzielle Mittel vorhanden",1,Installation PV-Anlage,2,5
395,4,,4,,2,4
396,1,"Energiebewuster zu sein, Unabhängigkeit",1,,4,4
397,1,Kauf eines bestehenden Hauses,1,Anpassung an eigene Bedürfnisse,1,1
398,2,Klimawandel,2,Energiekosten,2,4
399,1,Politik treibt durch unüberlegte Entscheidung den Energiepreis unnötig in die Höhe,4,Klimapolitik wird zur Abzocke der Bürger gemacht,1,4
400,,,,,,
401,,,,,,
402,,,,,,
403,1,finanzielle Ersparnis,1,klimabewusstsein,,4
404,1,,3,,,4
405,,,,,,
406,1,,2,,,4
407,3,Umweltschutz,3,Energiespargedanke,3,4
408,,,,,,1
409,2,,2,,3,2
410,1,Klimawandel (Nachhaltigkeitsaspekte berücksichtigen),2,Steigende Energiepreise (Kosteneinsparungspotenziale erzielen),4,2
411,1,,1,,2,3
412,2,,2,,2,3
413,1,Förderung,2,Gute Sonneneinstrahlung,3,1
414,3,Nachhaltigkeitsaspekt,1,Energieteuerungen,1,4
415,1,Alter der Eigentümer,1,Zwei Optionen der Heizmöglichkeit,4,2
416,1,Raus aus Öl,2,Förderung,1,1
417,,,,,,
418,,,,,,
419,2,Familienzuwachs,2,,,4
420,1,Platzmangel,2,Etwas eigenes zu haben,,2
421,1,Steigende Energiepreise,3,Technisches Interesse / umwelt,3,2
422,3,,2,,2,3
423,2,Photovoltaik für Energieeinsparung,3,Heizungstausch weg vom Öl,3,2
424,1,Sanierung war notwendig (Baujahr des Hauses 1935),2,,2,3
425,1,Defekt alter Heizkessel,3,Förderung Heizungstausch,1,4
426,4,,2,,4,2
427,4,,2,,4,4
428,5,,2,,1,4
429,1,Unrentable Festbrennstoffheizung,1,Anschluss an die Ortswasserleitung,1,1
430,2,Abgaswerte Ölheizung,1,Undichte Fenster,1,3
431,1,Übernahme des Elternhauses,1,,1,2
432,1,Hauskauf,1,,1,4
433,1,Übernahme des Elternhauses,1,Umbau-Renovierungsarbeiten aufgrund von Nachwuchs,1,3
434,4,Energieverbrauch,4,Energiekosten,2,4
435,1,Übernahme Elternhaus,1,,1,1
436,1,Hauskauf,3,Förderung hoch genug,2,4
437,1,Fossiler Brennstoff wird negativer besetzt,3,Teuerung,1,3
438,4,Nachhaltigkeit,2,Kaputte Heizanlage,3,2
439,4,Aufwertung des Gebäudes,2,Energiekosten,2,3
440,2,Klimawandel: Beitrag leisten im Sinne der Kinder,1,finanzielle Förderungen,2,4
441,2,,5,,1,4
442,1,2 Kinder - eigenes Schlafzimmer,3,,2,4
443,2,,3,,2,3
444,,,,,,
445,,,,,,
446,,,,,,
447,,,,,,
448,,,,,,
449,1,Familiengründung,2,Lebenstraum,,2
450,1,Platznot,1,,,2
451,1,Planung des Eigenheims,1,,,4
452,3,,2,,2,3
453,2,Alter der Heizung,2,Umstieg vom Gas,4,2
454,1,Balkonsanierung,1,Eigenenergie,2,2
455,1,Erdgasteuerung,2,,3,3
456,1,,1,,1,2
457,1,,2,Dachgeschoss Ausbau,2,1
458,2,,1,,4,3
459,1,Brand im alten Heizungsraum,3,Wärmebildmessung innen und Betrachtung der Wandtemperatur,1,3
460,3,Zu hohe Heizkosten,3,Flüssiggas zu teuer,1,1
461,4,4 Kinder,3,,4,4
462,1,Sanierung der Warmwasseraufbereitung,2,Alte heizung,2,4
463,5,Defekte Heizung,2,,2,4
464,3,Bezug Gebäude,3,Energiesparpotential,2,4
465,2,Klimakrise; Einsparung von Energie,1,Hohe Energiepreise,2,3
466,2,,4,,3,5
467,2,Ölpreis Heizkosten,1,Drohendes Blackout,2,3
468,3,Kauf des Hauses,1,,2,3
469,1,Erbe angetreten,1,,1,4
470,1,"Einzug in veralteten Wohnraum, der nicht unseren Vorstellungen von Komfort und Gemütlichkeit entspr",1,"Unkomfortable Holzscheitheizung und teure, unliebsame Ölheizung nerven",2,2
471,1,,1,,1,1
472,1,Pflege der inzwischen verstorbenen Eltern,1,,1,1
473,1,Erwerb der Immobilie,4,Wünsch zur Modernisierung,4,4
474,1,,1,,1,1
475,1,Ökologische Gründe,1,Ökonomische Gründe,1,1
476,1,Kostengünstige Option,3,Geld war vorhanden,4,3
477,3,Starkregen 2018,2,,1,4
478,2,Umweltschutz,3,Kosten,4,4
479,2,Wasserschaden,3,Planungsgeespräch,2,3
480,3,Tod der Großmutter,1,,4,4
481,2,Heizungskosten,1,,3,3
482,,,,,,
483,1,baufälligkeit,1,platzmangel,1,1
484,2,,2,,2,3
485,2,Aussenfassade Thermoputz,2,Heizkosten sparen,2,1
486,1,Heizkosten sparen,1,Barrierefreiheit,2,2
487,,,3,,1,4
488,2,Heizkosten,3,Bequemlichkeiten,2,3
489,2,,1,,2,4
490,1,Flächenerweiterung,1,,2,3
491,1,Weg von Gas,1,Automatisierung,1,4
492,2,Teuerung,3,Unabhängigkeit,3,2
493,1,,1,,3,1
494,4,,4,,1,3
495,,,,,,
496,,,,,,
497,,,,,,
498,,,,,,
499,,,,,,
500,4,Eigenständigkeit,3,Schwiegermutter/-Tochterproblem,,4
501,3,Eigenheim schaffen,2,Standard verbessern,,3
502,1,Unabhängigkeit,2,Selbstständigkeit,,2
503,1,,1,,,3
504,2,,2,,,4
505,1,Anstieg Strompreis,1,,4,4
506,1,,4,,2,4
507,4,,4,,4,4
508,1,Blackoutvorsorge/ PV und Speicher,1,,1,2
509,1,Heizsystem umweltfreundlich u. energieeffizient erneuern,1,"natürliche Ressourcen wie Licht, Sonne und erneuerbare Energien nutzen",1,2
510,5,,2,,,2
511,3,Erneuerung bzw. Schaffung von mehr Komfort,2,Anpassung an Stand der Technik,1,4
512,2,,1,,3,2
513,,,,,,
514,,,,,,
515,1,,2,,,2
516,1,ökologische gründe,2,,,4
517,1,Enge zu Nachbarn in bestehender Wohnung,1,Passendes Grundstück gefunden,,4
518,2,errichtung einer photovoltaikanlage durch einen bekannten,2,,4,1
519,3,,1,,2,3
520,1,Um Energie zu sparen!,1,Wertanlage,1,1
521,1,Hohe Fördersummen,1,Umweltschutz / Autarkie,2,2
522,3,Geld sparen,2,Energie sparen,2,3
523,1,Durch die Familienvergrößerung wurde mehr Platz benötigt,2,,,3
524,2,Klimaschutzbeitrag,2,,3,3
525,4,Wechsel des Hauptwohnsitzes,2,,4,4
526,2,,2,,5,3
527,1,Klimaerwärmung zu verhindern,1,Strom zu sparen,1,3
528,4,Mittelfristig Erhaltungskosten senken,1,Wärmeerzeuger am Ende der Gebrauchstauglichkeit,1,3
529,,,,,,
530,,,,,,
531,1,hoher Ölpreis,1,Stromersparnis,2,3
532,1,Kind,2,Wunsch vom Eigenheim,,1
533,2,Änderung der familiären Verhältnisse,2,Erhöhung der Energiekosten,,4
534,1,schon länger geplant,1,hatte eine berufliche Flaute (Selbstständiger) und dadurch Zeit für Planung und Durchführung,3,4
535,1,Energiesparen,1,laufende Wohnkosten Sparen,3,3
536,4,,5,,2,4
537,,,,,,
538,2,,2,,,2
539,,,,,,
540,1,Wissen um Renovierungsbedarf,2,Wunsch nach Ökologisierung und Senkung des Energieverbrauchs,2,5
541,,,,,,
542,1,Photovoltaik / Dacherneuerung +Dachisolierung,1,Energiekrise/ Wärmepumpe aber mit alter Ölheizung(Reserve),4,3
543,1,Zugluft Fenster,1,Betriebskosten des Wohnhauses,1,3
544,,,,,,
545,1,Nicht mehr unter Miete leben,3,Wohnkonfort,,4
546,2,wasserleitungsschaden,3,dachfolie,1,2
547,1,,2,,3,4
548,1,Gas Preis,1,,3,3
549,1,Starker Heizbedarf im Winter,1,Energiekrise,2,2
550,4,Modernisierung um Kosten zu sparen,1,Komforterhöhung mit weniger Kosten als davor,1,3
551,1,"Umweltgedanke, Energiesparen",1,,2,4
552,1,Strompreis,1,Pelletspreis,3,3
553,2,Nachwuchs,2,,1,5
554,,,,,,
555,1,Umstieg von Mietwohnung auf Eigenheim,1,,,4
556,1,,2,,,4
557,1,kein Auslöser notwendig,1,,1,4
558,2,,2,,5,3
559,2,"Familie gründen somit stärkerer Fokus auf Chancengleichheit der kommenden Generationen, Stichwort",2,Kostenreduktion auf lange Sicht,3,4
560,1,hatte gerade das nötige Geld,1,Förderung,2,3
561,1,Kauf altes Wohngebäude 2013,1,,1,2
562,1,Fenster undicht,4,Födersituation positiv,1,4
563,1,Strompreis PV Anlage,1,Alter der Heizung - Tausch,1,3
564,1,Energiekosten,1,Alter,1,4
565,1,Ausstieg aus fossilen Brennstoffen,2,Unabhängigkeit von Öl und Gas Produzenten,4,2
566,4,,4,,,2
567,2,Eigener Energieverbrauch (Stromkosten),1,Faszination und Interesse an Autarkie,2,5
568,2,"Eheschließung, neuer Haushalt",2,,3,4
569,1,Strompreis,2,Heizkosten,3,3
570,1,,1,,1,2
571,1,,1,,2,1
572,1,,2,,1,4
573,1,Von Mietern zu Eigentümer,1,,,2
574,1,Traum,1,Eigenständigkeit,,3
575,1,Traum zu erfüllen - Neubau,2,Energiewende aktiv mit zu gestalten,4,4
576,1,Klimaschutz,1,Förderung,4,4
577,1,,5,,,2
578,1,Kostensteigerung bestehender baulucher Gegebenheiten,2,Fördermassnahmen welche Investition vorteilhaft machen,,2
579,2,,1,,3,3
580,1,Energiesparen,1,Wasseraufbereitung,1,3
581,2,Scheidung,4,,5,3
582,2,sehr hoher Heizölpreis,2,,4,4
583,1,Energiekosten hoch,2,,2,2
584,1,Defekte Heizungsanlage,3,Stromverbrauch,3,3
585,2,Alte Fenster,1,Heizung getauscht weil abgastest nicht in ordnung,1,3
586,2,Rauchfangkehrer veranlasste Erneuerung des Heizungssystems,2,"Zubau nötig, um als Einfamilienhaus geeignet zu sein.",1,1
587,3,Umweltgedanke,2,Kinder benötigen mehr Platz,1,2
588,1,Einzug,1,Stromkrise,1,2
589,1,Bin selber Eigentümer geworden/Erbschaft,1,Förderung für Heizung,1,2
590,1,hohe Energiekosten,1,,1,3
591,4,,3,,2,4
592,1,Wohnraumschafung,5,Nachwuchs,3,3
593,1,Energiekrise,1,Zusätzliches Angebot eines neuen Energieträgers,4,4
594,1,,2,,1,4
595,1,Ölbrenner kaputt,1,alte Fenster,1,4
596,3,Änderung des Lebensmittelpunktes,2,,1,4
597,1,Geld vorhanden,2,,2,4
598,2,"Energieverbrauch, Umweltgedanke",2,Verbesserung der Gebäudesubstanz,2,3
599,2,Hauskauf,1,,1,3
600,1,,1,,1,1
601,,,,,,
602,,,,,,
603,,,,,,
604,,,,,,
605,,,,,,
606,,,,,,
607,,,,,,
608,2,Umweltfaktor bei Ölheizungen,1,Unzureichende Wärmeleistung bei Nahwärme,,3
609,1,Gemeinsam etwas zu Erschaffen,5,,,3
610,2,,4,,,3
611,1,,5,,,3
612,2,Beruflicher Umstieg in die PV Branche,1,technisches Interesse an der Speichertechnologie,5,4
613,,,1,,4,3
614,1,Geringe Zinsen,2,,1,2
615,1,Ebetgiesparen,1,,1,1
616,2,Ölheizung alt,5,,1,4
617,1,Klimaschutz,1,Hybridauto,1,1
618,1,Heizung,1,,1,3
619,1,Ich war im Ausland und nach meiner Rückkehr haben wir es damit begonnen.,4,,1,1
620,1,Behaglichkeit,2,Energiesparen,2,4
621,1,Komfort,2,,1,4
622,2,Altes Dach undicht,3,Alte Fenster verzogen,1,3
623,1,Energie sparen,1,Zu wenig Platz,1,4
624,3,Alte Ölheizung,1,,4,3
625,1,Heizung Erneuern,2,Strompreis,1,4
626,4,,2,,2,3
627,3,Alte Heizung nicht mehr funktionstüchtig/Ersatzteile schwer zu bekommen,4,,1,2
628,1,,1,,2,3
629,1,Energie sparen,4,"Heizungstausch, um ggf. automatisch zu heizen (Pellets)",4,3
630,1,Alter der Heizung,3,Verantwortung für die nächste Generation,1,3
631,2,Ölpreise,2,Anschaffung e auto,2,2
632,1,Anschaffung EAutos,1,Defekt der Warmwasserbereitung,3,3
633,1,,1,,4,4
634,1,Energiekosten,1,Umweltbewusstsein,3,2
635,1,hohe Stromkosten,1,Unabhängig von Lieferanten,3,5
636,,,,,,
637,,,,,,
638,2,Abschmelzen der Arktis,2,Klimawandel,5,2
639,,Medien,1,,2,
640,2,,2,,,4
641,2,Defekte Heizung,3,,2,3
642,1,,1,,1,1
643,5,,5,,,5
644,4,Substanzerhaltung,1,Energie/Klimawende,1,3
645,2,finanzielle Vorteile,3,Bequemlichkeit,4,4
646,1,,2,,2,
647,1,,3,,3,4
648,1,,2,,1,2
649,1,Wohnraumschaffung,3,Geldanlage,2,3
650,1,Gutachten der Bausubstanz,2,,1,1
651,1,Erbschaft von Großmutter,2,Ökologisch und nachhaltig - Umweltgedanke,1,2
652,1,,1,,1,3
653,1,Umbau,2,Sanierung,1,1
654,1,,2,,1,4
655,1,weg von Flüssiggas,1,Aufbereitung von Warmwasser durch Solarpanelen,4,3
656,1,,1,,1,1
657,3,,1,,1,4
658,3,Übersiedlung,1,,1,2
659,1,,1,,1,4
660,2,Übernahme des Hauses,2,Wunsch auf Komforterhöhung,1,4
661,3,Komfort,1,Energiepreisentwicklung  Fossiler Brennstoffe Langfristigig,1,4
662,1,Klimakrise,1,,2,4
663,2,Erbe,3,Änderungen Wohnverhältnisse,2,2
664,2,,1,,2,1
665,1,Familiengründung,1,Erweiterung der Wohnfläche,2,3
666,5,Kosten reduzieren,1,CO2 senken,3,3
667,1,kein,4,kein,1,4
668,1,,3,,1,4
669,3,Hausalter,3,,1,4
670,1,,2,,2,1
671,1,Kauf des Hauses,1,Ende der Nutzungsdauern von verschiedenen Bauteilen,1,4
672,3,Familie,1,Wunsch nach Eigenheim,1,3
673,1,Betriebskosten senken,1,,4,3
674,1,Heizungsumbau,3,,2,2
675,2,,1,,3,3
676,1,Technische Notwendigkeit,2,Energiepreise,1,3
677,2,Notwendiger Tausch Heizung,1,Energiekonzern,2,2
678,1,Gasteuerung,1,Barrierefrei,3,3
679,,Pension,1,,3,2
680,1,Wärmedämmung Dachboden im Wohnraumbereich,5,,3,2
681,1,Hagelschaden am Dach,1,,1,2
682,3,,1,,3,4
683,2,,1,,4,4
684,3,,2,,1,4
685,2,Auf Grund meines Berufes (Fassader und Lehmputzer),3,,1,4
686,1,Umweltgedanken,1,Förderungen,3,4
687,1,,2,,2,3
688,1,"Initiative ""Raus aus Öl und Gas""",2,Undichtheit der Fenster,1,4
689,3,Energiesicherheit,1,Wärmesicherung,1,4
690,1,Wohnraumschaffung für Familie,2,Veraltete Technik,1,2
691,1,Kauf eines renovierungs bedürftigen Hauses,2,,1,3
692,1,Alte Fenster,2,Stromheizung nicht effizient,1,3
693,1,Finanzielle Möglichkeit ist eingetreten,2,Älterwerden und Ziel Verringerung der Energiekosten,2,3
694,1,Hauskauf,2,,1,2
695,2,Wucherpreise bei Gas,3,Saubere günstigere Heizeinergie,2,4
696,2,Tod vater,4,,1,2
697,1,alter Heizkessel wurde defekt,3,,2,3
698,1,Bauschäden- Verbesserungen im Zuge Behebung,2,Sanierung + Verbesserung nach 30- jähriger Benutzung,2,2
699,3,,3,,1,3
700,2,Klimafreundlichkeit,2,Energieersparnis,2,1
701,4,,3,,2,2
702,1,,1,,2,2
703,4,,1,,1,4
704,1,Baujahr,3,,1,3
705,1,Hauskauf,1,,1,1
706,1,,3,,4,4
707,5,Russlands Überfall auf die Ukraine,1,Energiebilanz,5,3
708,1,Förderung,2,Altersbedingter Austausch,1,4
709,1,,5,,1,5
710,1,Defekt Gastherme nach 20 Betriebsjahren,1,Kalte Räume auf der Gebäudenordseite,3,4
711,2,,1,,2,2
712,1,,1,,1,1
713,1,Veraltete teure Technik,1,Wohnqualität gering,1,3
714,1,Altbau von 1959 war renovierungsbedürftig,1,"Winter Heizkosten, alte Feststoffofen, Sommer Obergeschoss unerträglich warm",2,3
715,1,kauf eines Objekts,1,,1,2
716,2,,1,,3,2
717,2,Heizungsdausch,2,Förderung,3,2
718,1,Öl-Heizung(28 Jahre ausgetauscht),1,Energiekosten,1,3
719,1,,3,,1,4
720,1,Heizungstausch,1,hoher Energieverbrauch,1,3
721,1,Heizung kaputt,1,Strom selber erzeugen,2,1
722,1,Energiekosten,1,Mit Freunden besprochen,2,2
723,1,Kauf und anschließend Energieberatung,1,W.o.,2,1
724,2,Dach war baufällig,1,Heizkomfort,1,3
725,3,,3,,1,3
726,1,,3,,1,2
727,5,Notwendigkeit,2,,2,2
728,2,,3,,2,3
729,3,Entscheidung für Vermietung,3,,2,3
730,1,alte Ölheizungen raus / neuer Ölbrennwertkessel,2,Strom selbst produzieren / PV-Anlage,3,3
731,3,Kessel war zu klein,3,Verbesserung des Wohnklimas,1,3
732,2,Energiekosten,1,Technikbegeisterung,3,3
733,2,"Gebrauchtes Haus gekauft, Renovierund für Einzug notwendig.",3,"1 Stock trotz Heizung kühl, daher Geschossdecke gedämmt",2,3
734,1,,2,,2,3
735,1,Sanierung,2,Foerderung,1,2
736,2,,2,,5,4
737,5,Kauf eines alten Hauses,2,Dachgeschoßausbau,1,3
738,1,Beratung durch Energie Steiermark,2,Steigerung der Energiekosten,5,2
739,4,Bewusstseinsbildung möglichst hohen Anteil an erneuerbarer Energie zu verwenden,2,,4,4
740,2,Hohe Energiekosten,2,,2,3
741,2,,2,,2,3
742,3,,3,,1,2
743,1,Neubau,2,Strompreis,3,3
744,2,,1,,4,4
745,2,Abhängigkeiten von fossilen Energieträgern minimieren,1,,1,3
746,2,Um zur Verbesserung des CO2 Haushaltes beizutragen,2,,2,3
747,1,selbstbau thermische solaranlage,1,,3,4
748,1,Abhängigkeit bei fossilen Brennstoffen,1,Kostenfaktor,1,3
749,2,Kellerräume zu Kleinwohnung ausgebaut,1,Ölheizung durch Wärmepumpe ersetzen,3,2
750,1,Familienerweiterung,1,2.generationen Haushalt,1,5
751,4,Im ersten Stock zu warm im Sommer und kühl im Winter,2,"Einsicht, dass Strom zur Mangelware wird und man eine persönliche Verantwortung hat",2,4
752,3,Umwelt,1,Energie,2,2
753,3,Energiekosten,2,,3,3
754,1,Defekter Festbrennstoffheizkessel,5,Defekter mauerputz kellersockel,1,1
755,2,,2,,1,2
756,1,,1,,1,3
757,1,,1,,1,4
758,1,Kostenersparnis,1,Klimaschonendes Verhalten,2,2
759,2,,2,,1,2
760,3,Ölheizung am Ende der Lebensdauer,4,,1,4
761,2,,1,,4,4
762,2,Heizung kaputt,1,,1,2
763,3,Autarkiegrad Erhöhung,2,Heizung sehr Alt,4,4
764,1,Energieeinsparung,2,Klimaschutz,2,2
765,1,Ölheizung bereits 26 Jahre alt,1,Förderungen durch Bund und Land,1,4
766,1,Heizungssystem veraltet und funktionierte nicht einwandfrei.,2,Verschönerung,1,3
767,2,Veraltete Heizung,4,Zu hoher Rohstoff-Verbrauch,1,3
768,1,Stromverbrauch,1,Geplanter Umbau auf eine 2 Wohneinheit im selben Wohnhaus für Kinder,5,2
769,3,Ölheizung war 30 Jahre alt daher Austausch und erneuern,2,,2,4
770,2,Renovierung Erdgeschoss,2,PV - Strompreiserhöhung,2,2
771,2,Kauf Optimierung,5,,2,3
772,4,Vorhergehende Heizungsanlage war irreparabel,3,,2,3
773,2,Ofendefekt,3,Wärmespeicherung,2,3
774,3,,2,,1,2
775,2,Alte Holzheizung war unbequem und ineffiezient,3,,2,2
776,1,STEIGENDE ÖLKOSTEN,5,FÖRDERUNGEN,2,2
777,3,Ölheizungstausch,4,Nutzung der Sonnenenergie,4,3
778,1,Geld vorhanden,1,,1,2
779,1,Heizung Reparatur,2,Stromverbrauch sehr hoch,2,3
780,1,zu alt um Holzarbeiten durchzuführen,4,,4,4
781,2,Kauf eines EFWH,2,,1,3
782,2,Energieautark zu sein,1,,2,3
783,1,Ölheizung war 35 Jahre alt,2,Nebengebäude brauchte neues Dach,3,1
784,1,Hausalter Bj.89,2,,2,4
785,4,Ölpreis: Heizungstausch (Öl auf Pelettsheizung),3,,4,1
786,1,Kessel undicht,2,,1,1
787,1,Ölheizkessel wäre zu erneuern gewesen,1,,1,3
788,3,Kesseltausch,1,Altersvorsorge,4,4
789,1,Umweltgedanke,2,Energieunabhängigkeit,1,4
790,2,Weg von fossiler Energie,2,,2,3
791,3,,1,,3,2
792,1,Notwendigkeit,2,Energiepreissituation,2,3
793,3,Modernisierung der Heizung,1,Strompreiseshndinn 2022,3,2
794,3,Blackout,1,Klimaeandel,2,4
795,2,Der Ölheizungskessel war schon alt.,1,Die Steuerung war nicht gut.,2,3
796,2,Einzug,2,Renovierung,2,2
797,1,Förderung,1,,4,4
798,1,undichte Fenster und damit einhergehend unbehagliches Raumklima,1,hohe Fernwärmekosten,1,3
799,3,Einzug des Sohnes im OG unseres Hauses,2,,1,4
800,2,hohe Heizkosten,1,,1,1
801,1,,1,,1,5
802,1,Geld ist auf der bank nix wert,1,Schöner und energiesparsamer wohnen,2,4
803,2,Info-Veranstaltung,2,,3,1
804,2,,2,,3,4
805,3,,2,,1,4
806,1,undichtes Dach,3,,1,3
807,3,,2,,2,2
808,2,Senkung der Wohnkosten,3,Geld war vorhanden,2,2
809,1,Wenniger Energieverluste,3,Ofen ist30 jahre und kein Holzvergasser,4,4
810,3,Angebot von Förderungen für thermische Sanierung,1,,1,1
811,2,,2,,1,3
812,1,Energiesparmaßnahmen,1,,1,
813,3,finanzielle Möglichkeit,2,Einfachheit des behördlichen Verfahrens,2,3
814,3,,1,,4,4
815,1,,3,,1,3
816,3,,3,,1,3
817,2,,1,,2,3
818,1,Strompreisentwicklung,1,Autarkiebestreben,3,3
819,1,Reduktion Energiekosten,1,Verbesserung der Behaglichkeit,2,4
820,2,"Energiepreise, genereller Wunsch zu sparen",2,,3,3
821,2,Stromverbrauch Hoch,1,Alte Warmwasserboiler mit Heizpatrone und NAchtstrom,4,4
822,2,Energieeinsparung,2,,4,4
823,1,2003 Geburt 2. Kind,1,Kapital /DG war unsaniert,1,5
824,1,Hohe Energiekosten,1,Umweltschutz,4,4
825,,,,,,
826,,,,,,
827,,,,,,
828,,,,,,
829,,,,,,
830,,,,,,
831,,,,,,
832,,,,,,
833,,,,,,
834,,,,,,
835,,,,,,
836,,,,,,
837,,,,,,
838,,,,,,
839,,,,,,
840,,,,,,
841,,,,,,
842,,,,,,
843,,,,,,
844,,,,,,
845,,,,,,
846,,,,,,
847,,,,,,
848,,,,,,
849,,,,,,
850,,,,,,
851,,,,,,
852,,,,,,
853,,,,,,
854,,,,,,
855,,,,,,
856,,,,,,
857,,,,,,
858,3,"Stand der Technik verbaut, mit Kostenabwägung ==&gt; deshalb keine WP mit Tiefenbohrung, Dämmung m",2,Fossile Energieträger wurden nie in Betracht gezogen.,,1
859,3,Kind,2,,,4
860,1,Änderung der Wohnsituation,2,,,2
861,1,Familienzuwachs,1,,,2
862,1,"Eigentum zu finanzieren, war für uns attraktiver als zu mieten",1,Wir wollten am Land wohnen,,4
863,1,Massenmigration,1,Selbstversorgung,,4
864,2,Raumbedarf erhöht,2,,,2
865,3,um Energiekosten zu senken,3,Umweltbewusstsein,,4
866,1,Neubau,5,,,5
867,2,Kein Gas oder Öl zwecks Autarkie,1,,,4
868,1,Kinderwunsch,1,Traum vom Eigenheim,,4
869,1,25 Jahre Miete waren genung,1,niedriges Zinsniveau/stabiles Nettoeinkommen,,2
870,1,Grundstück Erwerb,2,,,1
871,3,,3,,,2
872,1,,1,,,3
873,1,Eigenheim,2,,,4
874,1,die Realisierung des Eigenheims,1,Für die Zukunft und nachhaltig zu bauen,,3
875,1,,1,,,1
876,1,,1,,,4
877,5,,5,,,5
878,1,Schaffung eines Eigenheims,1,,,3
879,1,Anbot eines Grundes in günstiger Lage,1,,,1
880,1,Familienzuwachs,1,,,1
881,3,Wunsch nach Eigenheim,2,,,4
882,1,Energieeffizienz,3,,,3
883,,,,,,1
884,4,Energiepreise,1,,,3
885,2,,3,,,3
886,4,Geplanter Neubau zur Familiengründung,2,,,2
887,1,kinder,2,Luftqualität in Graz,,3
888,2,Schaffung von Eigentum,4,Zu teure Mieten,,3
889,1,Barierefrei,1,,,4
890,3,,2,,,3
891,1,,1,,,3
892,3,Selbstbestimmtheit bei der Lebens- und Umfeldgestaltung,2,langfristige Veranlagung und Wertschöpfung,,1
893,2,Eigenes Heim für Familie,2,,,2
894,,Erweiterung Lagerflächen,1,,,4
895,1,,1,,,3
896,1,Raumbedarf gesteigen aufgrund Familienzuwachs,1,,,2
897,2,,2,,,4
898,2,Energiekostensteigerung,3,CO2-Ausstoß,4,4
899,2,Fernwärmeenergie  einsparen,2,Strom einsparen,2,3
900,1,Selbst Alternative Energie zu erzeugen.,1,Eigenstromversorgung während Stromausfall zu haben.,4,4
901,3,Energiepreise,3,,4,3
902,1,Kosten senken,1,Zukunftsvorsorge,1,3
903,3,Können es uns jetzt leisten,2,Ersparnis auf längere Sicht,2,3
904,2,Energiekosten,1,Klimawandel,4,1
905,4,,4,,4,4
906,2,CO 2 Reduzierung,2,,3,2
907,3,Energiewende voran treiben,2,Energie kosten senken,4,3
908,3,,1,,3,2
909,1,Ölpreisschwankungen,1,Strompreisschwankungen,1,4
910,1,,1,,1,3
911,4,Ansteigen der Strompreise,2,"Mögliches ""Black Out""",3,4
912,2,,1,,3,4
913,1,um Heizöl zu sparen,3,für den Klimaschutz,4,4
914,1,Klimawandel,1,"Stromkosten, Strom-Autarkie, Elektromobilität",5,5
915,1,Strompreis,1,,1,4
916,1,,4,,4,4
917,4,,1,,1,3
918,3,,1,,4,2
919,,,,,,
920,1,Familienzuwachs,3,,1,4
921,2,Platzmangel,3,,2,4
922,1,Beitrag zur Energiewende,1,Naturschutz,4,4
923,2,Tod des Partners,4,Erhalt des Gebäudes,2,4
924,5,Notwendigkeit,2,,1,4
925,2,"Sehr abgewohnt,",4,Überlegung zur Vermietung,3,2
926,1,Totaldefekt der Gastherme,2,,2,3
927,2,,1,,1,4
928,1,,3,,3,4
929,1,Hochzeit der Tochter,4,,2,4
930,4,,4,,2,4
931,5,,5,,5,5
932,1,Undichtes Dach,3,lediglich Außenstiege in den Keller,2,5
933,1,Verbrauch,4,Dämmung,3,4
934,2,Energiesparen,1,Umweltschutz,3,3
935,1,Teurere Miete,3,,,2
936,2,,2,,4,4
937,2,Familiengründung,2,Arbeitgeberwechsel,,3
938,1,Umzug,3,,,2
939,3,Altes Dach,1,Stromkosten,1,4
940,1,Klimawandel,1,Stärkung der Kaufkraft in Österreich durch Energieunabhängigkeit vom Ausland,1,4
941,1,Öl,1,Strom,3,3
942,2,Übernahme als Hauptwohnsitz,2,,2,4
943,,,,,,
944,,,,,,
945,2,eine gute,,Problem,1,
946,,,,,,
947,,,,,,
948,1,,2,,4,4
949,2,,1,,3,4
950,1,Dachgeschoss Ausbau,1,,5,2
951,1,Mehr Platz für Kinder,4,Wunsch neue Küche und Bad,1,3
952,2,,2,,3,5
953,4,gasheizung alt gegen neu,4,wintergarten,4,4
954,1,Todesfall,4,,4,4
955,2,Umzug,4,,1,2
956,5,"Heizungstausch, von Öl wegkommen",3,Renovierung aufgrund des Alters,2,4
957,1,Kauf altes Haus,2,,1,1
958,1,Erlös aus Firmenverkauf,1,,2,3
959,2,Energie sparen,3,Kosten sparen,3,2
960,3,,2,,4,4
961,1,Sinkende Preise Photovoltaik,1,Ausstieg aus fossiler Energie,1,4
962,2,Erneuerung der bestehenden Heizung wurde fällig,2,Gute Förderung des Umstiegs von Gas auf Pelletsheizung,2,2
963,2,,3,,2,4
964,,,,,,
965,3,Familiengründung,2,,,2
966,1,Autarkiebestrebung,1,,1,4
967,5,,4,,1,4
968,3,,2,,3,4
969,2,Sanierung und Dachausbau waren notwendig,2,Umstieg von Ölheizung auf Fernwärme aus Kostengründen und hohes Alter der Ölheizung,1,3
970,1,Umzug,1,,1,4
971,1,,2,,1,3
972,1,Objekt Wert Steigerung,3,Energiesparen,1,3
973,3,,2,,1,2
974,2,Klimawandel,2,,5,3
975,1,Bequemlichkeit,1,Umwelt,3,3
976,1,Sparmaßnahme Heizkosten,2,,1,1
977,,,,,,
978,1,Eigentum schaffen,1,Generationenkonflikte in einem Mehrfamilienwohnhaus,,4
979,1,,4,,1,4
980,2,Umweltschutz,1,,2,4
981,1,Alter ölofen,1,Neue dusche,1,2
982,2,Alter der Heizanlage,2,Alter des Hauses,2,4
983,1,,1,,2,2
984,1,Klimafreundlichkeit,1,Ölpreis,1,3
985,1,Größere Familie,2,,1,3
986,3,Vorhandenen Geldmittel,3,,1,3
987,1,Wollten Gasheizung loswerden,1,wollten gekauftes Haus energetisch optimieren,3,3
988,1,Strompreiserhöhung wegen Ukrainekrieg,1,Keine Fossilen Rohstoffe mehr verbrauchen,4,2
989,3,,1,,2,2
990,1,günstige Finanzierung,1,Gedanken an hohe Energiekosten,4,4
991,2,,1,,1,1
992,,,,,,
993,,,,,,
994,,,,,,
995,,,,,,
996,,,,,,
997,1,wollte ein Eigenheim,3,,,4
998,3,Familiengründung,1,,,2
999,2,Neues Haus gebaut,2,,,3
1000,1,Geburt Sohn,2,,,1
1001,1,Förderung,3,"Defekt (Heizung, Böden,etc)",3,3
1002,1,Verschmutzte Fassade,2,Regeneintritt bei Starkregen: Fensterbänke,2,2
1003,1,Haus sanierung,1,,1,4
1004,3,Erhaltung und Sanierung der bestehenden Bausubstanz,2,Sanierung des Bestandes ohne zus. Grünflächenverbrauch,1,1
1005,1,Totesfall,1,,1,1
1006,1,Klimaerwärmung,1,Energiepreise,3,4
1007,5,Heizkosten,2,Stromkosten,1,2
1008,1,Energieeinsparung,1,richtige Renovierung eines alten Hauses,1,3
1009,2,Alter der Heizungsanlage,1,Umbau auf Wärmepumpe,3,2
1010,1,,1,,1,4
1011,3,Energiekosten,2,Klimaerwärmung,3,3
1012,,,,,,
1013,,,,,,
1014,,,,,,
1015,,,,,,
1016,,Pension,,,,2
1017,2,Straßenverkehr Lärm !,,Unwetter Gefahr !,1,3
1018,4,Anstrich nach 20 Jahren notwendig,4,,2,4
1019,2,,3,,1,2
1020,2,Energiekosten,1,,2,3
1021,2,CO2 Reduktion bei Heizungstausch von Öl auf Holz,1,Verbesserung der Energie Autarkie - Photovoltaik,4,4
1022,2,Im Winter zu kalt,4,Warmwasser Gewinnung und Speicherung,4,3
1023,1,"Altes Haus nicht abreisen, stattdessen renovieren",1,Wohnraumschaffung für junge Familie,1,4
1024,1,Wunsch nach Unabhängigkeit,1,Wunsch nach Nachhaltigkeit für zukünftige Generationen,3,2
1025,1,Altes Haus gekauft,2,Raumklima,1,3
1026,2,,,,,
1027,1,Umbau,1,Fenstertausch,1,1
1028,2,,1,,1,4
1029,1,Klima,1,Klima,1,4
1030,2,Ungeplanter Geldfluss für Zubau,2,Generelles Interesse für energiesparende Maßnahmen,2,4
1031,4,Diskussion in Familie,2,Medien,3,2
1032,,,,,,
1033,,,,,,
1034,,,,,,
1035,1,Private,3,Private,,4
1036,1,,1,,,2
1037,1,Energiepreise,1,,4,4
1038,3,alte Ölheizung,1,hohe Strompreise und Unabhängigkeit,4,4
1039,3,Familiengründung,5,,,4
1040,1,Alte Heizung funktionierte nicht mehr,3,,2,4
1041,3,Ölofen über 30 Jahre alt,2,Fenster un Dachdeckung über 50 Jahre alt,2,4
1042,1,,1,,2,4
1043,2,alte Solarthermie war nicht mehr am letzten Stand,3,Möglichkeit zu Fernwärmeanschluß,2,4
1044,2,Heizung kaputt,4,Fenster undicht,2,4
1045,3,Höheres Einkommen,1,Mehr Zeit für die Erbringung von Eigenleistung,2,4
1046,1,Ölheizung Defekt,1,"Fenster &gt;30a alt, schlechte Dachisolierung",1,4
1047,1,Wohnfläche vergrößern,2,Lebensqualität,,2
1048,1,Hohe Heizkosten   Fenstertausch,1,Gute Werbung  Heizungstausch,3,4
1049,2,,1,,2,4
1050,1,Ölheizung überaltert,2,,2,2
1051,1,Energiepreis,1,,4,1
1052,1,Energiekosten,1,Veraltete Systeme,1,1
1053,2,Energieunabhängigkeit,1,Einsatz erneuerbarer Energie,3,3
1054,1,Familiengründung,2,Wunsch nach Eigentum,,2
1055,3,Laufende Kosten senken,3,,1,3
1056,3,,4,,2,3
1057,1,Teure Miete - kredit billiger,3,,,2
1058,1,Gaspreis,1,,4,2
1059,2,Einsparung Heizkosten,3,Lebensqualität,2,3
1060,3,Fachflächenfenster undicht,2,Stromkosten,1,4
1061,,,,,,
1062,1,Sohn bekam Drillinge,1,Altes Haus zu groß,,3
1063,3,Wohnraumschaffung,3,Kinderwunsch,3,3
1064,1,Zu große Terrasse,1,Erweiterung des bestehenden Hauses,3,3
1065,3,Heizung defekt,3,,1,2
1066,4,Erwerb von Eigentum,4,,,4
1067,1,Strompreise,1,,2,3
1068,2,Kinder,2,,4,4
1069,,,,,,
1070,2,,3,,2,3
1071,4,,4,,4,4
1072,2,,3,,,2
1073,1,,3,,1,3
1074,2,Dachsanierung in Verbindung mit PV Anlage,2,"Überalterung Ölheizung, zukünftige Gesetze",1,4
1075,1,Pandemie,1,,2,3
1076,3,Erneuerung alter oder kaputter Systeme,2,Verbesserung des Energieverbrauchs,1,2
1077,1,Stromausfall Solarthermie,1,Nethbetreiber-Verhalten bei Anfrage PV Ü-Einspeisung,2,1
1078,2,,2,,4,4
1079,1,Das Haus ist Altbau aus dem Jahr 1899 und wurde neu gekauft,2,Das Haus musste Saniert werden um meinen Bedürfnissen und Komfort zu entsprechen,1,2
1080,2,Wärmedämmung,2,Familiengründung,3,4
1081,1,Hauskauf,1,Förderung,2,4
1082,2,Haus kauf,3,,2,3
1083,1,Forderung,1,,1,4
1084,,,,,,
1085,1,Teure Miete,3,Kleine Wohnung ohne Garten,,2
1086,1,,4,,,4
1087,3,Bauliche Schäden,1,Fehlende Behaglichkeit,1,4
1088,1,,2,,1,4
1089,,,,,,
1090,4,,2,,2,2
1091,1,,2,,,2
1092,3,,2,,1,3
1093,1,Umzug,1,Familiengründung,,1
1094,3,Defekt der Heizanlage,2,,5,4
1095,1,Erweiterung der PV-Anlage um Erspartes vor drohender Inflation zu retten,4,,4,4
1096,1,Förderung für Heizungstausch. Hohe Heizöl Preise,3,,3,2
1097,3,Energetische Abhängihkeit,1,,1,3
1098,2,Strompreis,2,Niedrige zinsen,4,5
1099,2,Blackoutereignisse,1,Ausstieg fossiler Brennstoffe,1,2
1100,1,,2,,1,3
1101,,,,,,
1102,4,KEINE AUSLÖSER,2,,1,4
1103,2,Umweltgedanke,1,Wetsteigerung Eigenheim,2,2
1104,1,Dach 70 Jahre alt und nicht Isoliert,2,,1,4
1105,1,Neubau,2,Unabhängigkeit,1,3
1106,5,Energiekosten,3,Solaranlage,2,2
1107,3,,1,,4,1
1108,2,Klimawandel,1,Steigende Energiekosten,3,3
1109,,,,,,
1110,1,Wirtschaftlicher Aspekt,2,Umweltschutz,1,3
1111,1,,3,,2,2
1112,2,"Gleichbehandlung meiner drei Kinder, da eines den Wunsch hatte, wieder zuhause einzuziehen.",2,,2,4
1113,1,,1,,1,3
1114,3,,2,,1,4
1115,2,Energiepreisentwicklung,1,,4,4
1116,1,Altbau auf energetischen letzten leistbaren Stand zu bringen,1,,1,2
1117,3,alte Heizung,2,undichte Fenster,1,4
1118,3,Sanierung,1,,2,4
1119,1,Stand der Technik,3,Verschleiß,1,3
1120,1,Desolater Zustand des Dachs,1,gestiegener Strompreis,1,2
1121,,,,,,
1122,1,Hagel,3,,1,4
1123,,,,,,
1124,1,Vergrösserung,1,Sanierung,2,3
1125,,,,,,
1126,,,,,,
1127,2,Kauf des Hauses,2,Infoveranstaltung über Förderungen,3,2
1128,1,Altes Haus gekauft und komplett saniert,2,,1,3
1129,1,,,,,
1130,2,,3,,3,5
1131,4,kosten Oel,1,waermedaemmung,4,4
1132,3,,2,,3,3
1133,1,Höchst Sanierungsmaßnahmen,3,,2,2
1134,1,Defekte Heizung,1,Energieteuerung,1,3
1135,2,Scheidung,2,,,3
1136,4,kein,3,keine,3,2
1137,2,Erbe,2,,2,3
1138,1,Ölkessel kaputt,1,,1,1
1139,1,Einsparung Heizmaterial,1,,5,4
1140,2,,2,,2,2
1141,1,Geldmittel vorhanden,2,Umdenken bei Heizung bzw. Heizung defekt,2,1
1142,1,Erbschaft der Liegenschaft,2,Junge Familie,,2
1143,3,Heizkosten senken,1,Den baulichen und optischen Zustand des Gebäutes verbessern,1,3
1144,4,Energiepreise nach Ukrainekrieg,2,Umweltschutz,3,4
1145,1,,1,,,3
1146,1,Kind,1,Gelegenheit,1,1
1147,2,,3,,,2
1148,4,Pflegefall,4,,4,4
1149,1,,1,,4,1
1150,1,Altes Haus gekauft und kernsaniert,2,,1,4
1151,4,Umweltschutz,1,,4,4
1152,1,Energiesparende Maßnahmen setzen!,1,Klimaneutrales Heizen!,3,3
1153,1,Veraltete Solarpanele mussten erneuert werden,1,Veralteter Heizungskessel erneuert,3,3
1154,2,Vorsorge für unser höheres Lebensalter,1,,3,3
1155,1,finanzielle Mittel waren verfügbar,4,,1,4
1156,1,"Energieersparnis, Warmwasseraufbereitung",2,Strom Selbsterzeugung wegen Heizungsunbau auf Wärmepumpe,2,2
1157,3,Alter der Heizung,2,Energieeinsparung,1,4
1158,1,HOLZOFEN DEFEKT,1,Holzfenster verwittert,2,2
1159,,Koksheizung,,alte Fenster,1,
1160,1,,1,,1,3
1161,1,,1,,1,3
1162,1,Energieverbrauch reduzieren,1,weniger Abgase,1,3
1163,2,Energiekrise durch Krieg in der Ukraine,1,Umweltbewusstsein / Energie einsparen,1,2
1164,1,Hoher Heizölverbrauch,1,,1,3
1165,1,Winterurlaub,1,,2,2
1166,3,,2,,2,4
1167,1,Umstellung auf Pellets,1,,3,2
1168,3,Energiekosten,1,Umweltschutz,3,4
1169,1,Ölheizungen tausch,1,,2,2
1170,2,,1,,2,3
1171,4,,4,,1,2
1172,2,Familiengründung,5,Sanierung Bestandsobjekt,2,5
1173,1,Zubau Hallenbad,1,,4,4
1174,2,alte Heizung + Energieförderung,2,,1,2
1175,5,,1,,4,4
1176,4,Energiekosten,2,,3,4
1177,1,Oelheizung defekt,2,,1,2
1178,2,,2,,1,3
1179,1,Küche zu alt,1,Strompreis,1,3
1180,1,Ölpreis,1,Alter der Ölheizung,2,2
1181,4,,2,,3,4
1182,3,Förderung,1,Klimawandel,4,2
1183,4,,5,,1,4
1184,2,,2,,1,2
1185,2,Energiesparmaßnahme mit Solar und neue Fensterglasscheiben,2,Verschönerung der 42 Jahre alten Fassade,2,3
1186,4,Mein Plan,1,,2,3
1187,,,,,,
1188,,,,,,
1189,,,,,,
1190,,,,,,
1191,,,,,,
1192,,,,,,
1193,,,,,,
1194,,,,,,
1195,1,,2,,,3
1196,3,,1,,2,3
1197,4,,4,,4,4
1198,5,unverschämte Energiepreise,1,,4,4
1199,1,Vorhandenes Kapital,1,Reduzierung zukünftiger Kosten,4,1
1200,1,Strompreis,1,,2,4
1201,1,Arbeitsplatz,1,Platzmangel,4,2
1202,3,Fenster alt nicht mehr dicht,2,Das gleuche für die Tür,2,1
1203,5,,5,,5,5
1204,4,,1,,2,4
1205,,Energiekosten,2,,2,
1206,,,,,2,
1207,4,,4,,1,4
1208,1,Heizung,2,,1,3
1209,,,,,,
1210,3,Alten Heizungsofen ausgetauscht,2,,2,3
1211,1,,2,,2,3
1212,,,,,,
1213,1,Trennung,2,Brauchte ein Zuhause,,4
1214,1,Kein vertrauen in zukünftige Förderungen,1,,3,3
1215,1,zu wenig Platz im alten Gartenhaus,4,die Terasse durch die Überdachung ganzjährig nutzbar machen,4,4
1216,,,,,,
1217,3,Kaminsanierung nach Empfehlung,2,Neuer Holzvergaser nach Empfehlung,2,3
1218,1,Dachsanierung/Fassade: Altes Haus - Dringend notwendig,1,Heizung: Nur ein Holzofen - Alternative gesucht und gefunden,1,4
1219,2,,1,,1,3
1220,3,"Haus war oft zu kalt, weil alte Heizung keinen Wärmespeicher hatte",4,,1,3
1221,1,,2,,4,4
1222,2,Wohnbedarf,1,,,4
1223,,Heizölpreis,1,,1,
1224,1,Fenster,1,Heizung,1,1
1225,2,Förderungen,2,Kosten,2,4
1226,3,,2,,2,2
1227,2,Gesundheit,1,Zeit,3,4
1228,1,Familienzuwachs,2,Senkung der Betriebskosten bzw. Erleichterung bzgl. Heizung,2,2
1229,4,,4,,2,4
1230,3,,1,,2,4
1231,1,,1,,1,4
1232,,,,,,
1233,2,Blackoutvortrag 2019,1,Energiepreise,3,4
1234,1,Zugluft Fenster,2,Oma immer zu kalt,1,3
1235,3,,2,,3,3
1236,,,,,,
1237,4,Sanierungs bedarf war von Nöten,1,Wohnraum schaffen für Schwiegermutter und uns selbst,,3
1238,5,Energieeinsparung,1,Umstellung auf Erdwärmepump,2,4
1239,1,Zustand des hauses,1,Energie/kostensenkung,1,3
1240,2,Alter Heizung,3,Anschaffung PHEV,3,4
1241,2,Energie sparen,2,,2,2
1242,2,Reparatur,2,,2,4
1243,1,Technische Anlage sind in die Jahre gekommen,1,Technische und Optische Mängel,1,3
1244,1,Energiekosten,1,Wohnklima,1,2
1245,2,Umweltschutz,1,Besserer Umgang mit Ressourcen,1,5
1246,2,Rat Kollege,3,Verschönerungen,2,2
1247,1,Steigerung Energiepreise,1,,1,2
1248,1,PV für E-Auto,2,"Wämepumpe da PV vorhanden war, Wärmedämmung für Wärmepumpe",2,4
1249,1,Umbau Elternhaus,2,,4,4
1250,1,Heizungssystem für die Lebensumstände nicht passend. Umstellung auf sutomatisches Heizungssystem (,2,,2,2
1251,4,alte Ölheizung,4,,1,4
1252,2,Krieg Energiekriese,1,,2,4
1253,2,,4,,2,4
1254,2,Alter Heizkessel funktionierte nicht mehr richtig,1,Hohe Stromkosten,3,3
1255,2,altes Heizsystem nicht mehr funktionsfähig,2,Gelegenheit,3,3
1256,3,Förderprogramm,1,,1,3
1257,1,Neukauf eines altes Hauses,1,,1,2
1258,1,Fassade Ästhetik neue Farbe,2,Solar zuerst Einbau in meinem Elternhaus und im Anschluß bei mir,1,3
1259,3,Klimawandel,2,Kosten,2,2
1260,1,,2,,1,1
1261,3,,3,,2,3
1262,1,,1,,1,4
1263,1,Einzug ins Gebäude,2,Kosten VS Budget,2,2
1264,3,Stromsparen,2,,3,2
1265,2,Mieterwechsel,3,,1,2
1266,2,,2,,5,4
1267,5,Gaseinsparung,1,,2,4
1268,,,,,,
1269,1,Kleiner Garten,1,,,3
1270,2,Familienplanung,1,,,4
1271,1,eigenheim,2,,,2
1272,2,,2,,,3
1273,2,,2,,1,2
1274,4,Einfach die Optik,4,,2,4
1275,1,,3,,2,3
1276,2,,1,,1,4
1277,5,Heizkessel defekt,4,,4,4
1278,,,,,,
1279,3,Eigenheim,2,Familie,,3
1280,1,,2,,,1
1281,1,Strompreis gestiegen,1,Holzfassade Anstrich alt,2,2
1282,3,,2,,2,2
1283,1,Energiepreise,1,,4,1
1284,1,Kind,2,,2,3
1285,1,Der Hausbau,1,Die Planung,1,1
1286,2,,1,,4,3
1287,1,Modernisierung,2,Barrierefreiheit,3,5
1288,1,Hitze in den Schlafräumen,2,Zukunftsorientiertes renovieren,2,2
1289,2,Heizungssystem Automatisierung für Vermietung,4,Energiekosten,2,2
1290,4,,4,,4,4
1291,1,Förderung,1,,3,3
1292,1,Umbau,3,,2,5
1293,1,Behindertes Kind,3,Raumschaffung 3.Kind,2,3
1294,,,,,,
1295,1,,3,,,2
1296,2,,2,,4,4
1297,5,,3,,2,4
1298,2,mehr Autarkie,2,Förderung,4,3
1299,1,Wohnraumerweiterung,2,,3,4
1300,2,Ölfeuerung war bereits 35 Jahre in Betrieb,1,,4,4
1301,2,Geburt Kinder,4,,,3
1302,1,Hackschnitzelheizung war 30 Jahre alt und wurde erneuert,1,"Fenstertausch im EG, da die Fenster sehr alt waren",1,3
1303,4,Energiehaushalt verbessern,4,Wärmedämmung verbessern durch Dachausbau,1,4
1304,3,Strompreiserhöhung aufgrund Krisen,4,Blackoutgefahr,4,4
1305,5,,3,,2,4
1306,3,"Eigene Überzeugung,dass der höchste Standart anzustreben ist",1,Heizung teilweise defekt,1,4
1307,2,,2,,4,4
1308,3,1998,2,2012,1,1
1309,1,,1,,4,4
1310,1,Komfort,4,Teuerung,2,4
1311,1,Wohnraum für Sohn,2,Förderungen für Heizungstausch,1,3
1312,,,1,,1,
1313,1,Sanierung war ohnehin notwendig,2,Anpassung Raumaufteilung an Bedarf (Familiensituation),2,4
1314,1,Aus Öl raus,2,Förderung,2,2
1315,2,Genug Eigenmittel wurden angespart,1,Umweltbewusstsein war schon immer ausgeprägt,2,4
1316,1,Teirer Öl,2,,2,3
1317,4,Heizungskosten zu senken,2,,4,4
1318,1,"Unweltfreundlicher werden, Autarkie",1,Öl raus,1,3
1319,1,,3,,2,2
1320,1,Erbe erhalten,1,gesundheitliche Ursache,1,3
1321,1,alte pelletsheizung defekt,2,,2,4
1322,1,Unabhängigkeit  bei Stromausfall,1,Energiesparwunsch,1,3
1323,1,Alter Heizkessel - unwirtschaftlich,1,Alte Fenster,1,1
1324,2,Ölheizung / Preis /Sanierungsbedarf,1,Sanierung,1,3
1325,3,Rauchfangkährer,2,,3,4
1326,1,kostengünstiger,1,weniger Aufwand und sparsamere Energienutzung,1,3
1327,1,Familiengründung,2,,2,3
1328,4,"Notwendigkeit, Raumgewinnung",1,Energieeinsparung,4,4
1329,2,Erneuerbare Energie statt Ölheizung,1,,1,3
1330,4,Nachhaltiges Denken für die Zukunft,1,Energiekrise hat das Handeln beschleunigt,3,3
1331,1,photovoltaik,4,heizungstausch,4,2
1332,,,,,,
1333,,,,,,
1334,,,,,,
1335,1,Umwelt,1,FixKosten langfristig/,1,2
1336,4,Kinder werden erwachsen und brauchen mehr Platz,2,,2,2
1337,1,Veraltete Ölheizung,2,Alte Fenster,2,4
1338,1,Hauskauf,1,Förderung Erdwärme,2,3
1339,5,Energiekrise,5,,,5
1340,,,,,,
1341,2,Wirtschaftlichkeit (Payback),3,,1,4
1342,1,Modernisierung,1,Energiesparen,1,2
1343,,Flachdach Pläne porös,,,1,
1344,1,Eigentümerwechsel,1,Energiesparen,1,3
1345,2,,1,,1,2
1346,3,Raumklima,2,Gaspreis,2,2
1347,1,Gewisse Unabhängigkeit in Bezug auf Strom (PV+Speicher),1,Erforderlicher Austausch eines bestehenden Gerätes,1,4
1348,1,Erweiterung der Wohn/Nutzfläche,1,,2,4
1349,2,Heizung alt,2,,2,2
1350,1,Tochter - Wognungsbau Obergeschoß,1,Renovierung Altbestand,2,3
1351,2,Familien Mitglied benötigt Barrierefreiheit,2,Tochter bleibt zuHause Umbau,2,4
1352,1,Übernahme eines Hauses,2,Familiengründung,2,2
1353,2,,3,,2,3
1354,,,,,,
1355,1,förderungen,1,,,1
1356,4,Familiengründung/Kinder,4,mit Sicherheit kein Staatlicher Anreitz/Klimascheiß,4,4
1357,4,,2,,4,4
1358,,,,,,
1359,2,Todesfall,3,,1,3
1360,1,Familien Gründung,2,Fereinfachung der Handhabung des Wohnhauses,3,3
1361,1,Trennung in zwei Wohneinheiten,2,,4,4
1362,1,Eigener Wohnbereich für unsere Tochter und ihren Lebensgefährten,2,,1,2
1363,3,der Umwelt zuliebe,2,Wohnkomfort,1,4
1364,1,Weg vom Heizöl,1,Sonnenenergie nutzen,2,4
1365,2,Energie zu sparen,3,Stromerzeugung aus Sonnenenergie,2,3
1366,2,,2,,1,3
1367,1,,1,,3,2
1368,3,Alter der Gebäude bzw. Sanierungsbedarf wegen Altersschäden,1,Ökologische Verantwortung,2,4
1369,1,Energiewende,2,Hohe Kosten,2,1
1370,3,,3,,1,3
1371,1,Dachgeschoßausbau,1,Heizkosten,1,3
1372,2,Hausumbau,2,,1,3
1373,2,Energiewende,1,,2,3
1374,1,,1,,1,2
1375,5,,5,,1,5
1376,1,Mehr Lebensqualität,1,Langfristiger finanzieller Vorteil,1,2
1377,4,"Hitze im Sommer, Kälte im Winter",2,Fenster aus den 70er Jahren,2,4
1378,1,Interessante Aufgabe,1,Einmalige Gelegenheit,1,3
1379,4,,4,,2,4
1380,4,Gründung einer Familie: Nachhaltige Schaffung eines Eigenheims (Wertanlage),1,Generierung von Einkünften: Ökologisches und ökonomisches Mietshaus,5,5
1381,1,Fördermöglichkeiten,2,Notwendigkeit,3,3
1382,1,Altbausanierung,3,,1,3
1383,4,Sanierung vom älteren Haus,3,,1,2
1384,1,"Defekt,Techn.  Gebrechen",2,Fixkosteneinsparung,1,3
1385,,,1,,,
1386,2,,2,,1,4
1387,2,Ölkessel  veraltet,1,Energiekosten,1,1
1388,1,Hoher Ölpreis,2,Alter Heizkessel,1,2
1389,1,Das Haus ist Baujahr 1986 und gehört weiter saniert,1,,1,1
1390,1,Habe schon beim Bauen auf Solaranlage und Regenwassernutzung gemacht,1,,2,4
1391,2,Energiekosten,1,,4,4
1392,4,Energie selber herstellen u Unabhängigkeit,4,Hobby Pensionsvorsorge Betriebskosten,4,4
1393,1,hitze im sommer,2,energiepreis ist gestiegen,2,4
1394,1,Steigender ölpreis,2,Hohe fördersätze,3,4
1395,1,Niedriges Zinsniveau,2,Trennung,2,1
1396,4,Ankauf eines alten Hauses,4,,2,2
1397,,,,,,
1398,,,,,,
1399,,,,,,
1400,1,Wohnbedarf,5,,,2
1401,1,Wohnbedarf,4,,,4
1402,1,,4,,,4
1403,1,Heizkosten,1,Alte Heizung,3,3
1404,2,,2,,2,2
1405,2,Wasserschaden,3,,1,4
1406,2,"Pläne zur Sanierung gabs bei mir immer schon, je nach möglichem Budget, wurden diese im Laufe der",2,Bin seit meiner Kindheit sehr naturinteressiert und habe technische Ausbildung. Schon der saure Rege,2,3
1407,5,Notwendigkeit,5,finanzielle Möglichkeit,5,5
1408,2,,1,,1,3
1409,1,Generalsanierung Haus aus den 1970ern verbunden mit Schaffung 2. WE,1,PV-Anlagen weil ich gerne bei Neueinführungen dabei bin,1,4
1410,2,umwelt,2,energiepreis,2,3
1411,1,Strompreiserhöhung,1,Umweltschutz,2,4
1412,4,Umweltbewusstsein,1,Vermeidung fossiler Energieträger,1,3
1413,2,,5,,2,4
1414,1,Energie sparen,2,Haus modernisieren,1,3
1415,,,,,,
1416,1,Familie,1,,,3
1417,1,"Hausumbau/-renovierung, um zusätzl. Wohnraum zu schaffen",2,,2,4
1418,2,,2,,1,
1419,,,,,,
1420,2,Wasserrohrbruch,5,Energiekosten,1,4
1421,2,,2,,1,3
1422,2,Energiepreise,1,Hohe Förderung von der Stadt Weiz,2,2
1423,1,Umweltschutz,2,Selbstversorger und Einsparing,4,4
1424,1,"Dach undicht, deshalb gleich alles neu und richtig",2,Haus mit veraltetem Heizsystem gekauft- Wechsel von Gas auf Nahwärme,1,3
1425,1,Umweltbewusstsein,2,Steigende Kosten,2,3
1426,2,Kein Geld den Ölmultis - Umbau auf Pellets Heizung,2,Strom für Eigenverbrauch selbst produzieren,3,4
1427,2,Decarbonisierung,1,nicht warten sondern handeln,2,3
1428,3,Kinderzimmer zubau,1,,3,2
1429,2,Kaputte Zündeinheit der alten Heizung BJ. 1996,2,Kaputte Steuerung der alten Heizung BJ. 1996,1,3
1430,4,Heizung defekt,3,,1,2
1431,4,Heizkosten,1,Stromkosten,4,4
1432,4,Schimmelbildung,4,Stromkosten,2,4
1433,5,Engergiekoatwn,1,Sanierungsnoteendigkeit,1,3
1434,2,Behinderungsgerechter Zugang,2,,,
1435,1,Veralterte Heizung Fernwärme war in der Nähe,3,,1,2
1436,1,Wohnsitzwechsel,1,Wunsch nach ökologischer Bauweise,1,4
1437,1,Erbschaft,1,,1,4
1438,1,Umbau bzw. Erweiterung,1,Energieeffizienz/ Klimaschutz,2,2
1439,1,Wetter,1,Winter werrden immer länger,2,3
1440,3,Umbau für Tochter,2,,1,3
1441,1,Umzug,1,,1,4
1442,1,Warmwasserspeicher kaputt,1,Zu grosser Arbeitsaufwand,3,2
1443,3,Energiepreise,1,Umwelteinflüsse,4,2
1444,4,Grundsätzlich Ressourcen sparen,2,,3,4
1445,2,,1,,2,4
1446,4,Energiespargedanke,1,Energiespargedanke,4,3
1447,2,Von 1.Stock in den unteren Stock gezogen,1,,2,5
1448,,,,,1,4
1449,1,Zu und Umbau,2,Ölheizung war kaputt,4,3
1450,3,,3,,2,4
1451,,,,,,
1452,,,,,,
1453,2,Stromkosten senken,2,,2,3
1454,3,,2,,4,4
1455,1,Familien Gründung,1,Allgemeine Miete viel zu hoch,1,3
1456,1,Zubau,1,,2,3
1457,1,Eigener Wille,4,,1,4
1458,2,Die alte Heizung war fehleranfällig und es gab die Erzeugerfirma des Heizkessels nicht mehr.,2,"Für die Erneuerung der Solaranlage war Auslöser, dass wir eine Photovoltaikanlage installiert habe",1,2
1459,2,,2,,4,4
1460,5,Ölheizung brennt im Sommer nur wegen des Wassers,1,,1,3
1461,2,Wohraumschaffung 2001,1,Kind 2011,2,3
1462,3,Energie einsparen,2,Energiekosten senken,4,3
1463,1,Unser Lebensalter,1,Betriebskosten zusammen,2,1
1464,3,die Eigentumswohnung wurde zu klein für die Familie,1,,1,4
1465,2,pellets engpass im jahr 2022,2,eine Teilentkoppelung der Abhängigkeit an einen Rohstoff,2,4
1466,2,,2,,2,1
1467,,,,,,
1468,1,,5,,2,4
1469,,,,,,
1470,1,Erbschaft,4,Wohnraumerweiterung,1,4
1471,1,Fenster desolat,1,Raus aus fossiler Energie,2,3
1472,2,,2,,5,4
1473,3,Warmwasserbedarf,2,Strom,4,4
1474,2,"Fenster und Türen Tausch, Invest für Zukunft",3,"Heizungs Tausch, Invest für Zukunft",1,3
1475,2,Umbau auf Zweifamilienhaus,2,,3,2
1476,5,,2,,4,4
1477,1,Heizung gestört,3,Energie sparen,1,1
1478,,,,,,
1479,2,Energie sparen,1,Umstieg Stückholzheizung,2,2
1480,3,,3,,2,3
1481,2,Technische Möglichkeit,2,Wirtschaftlichkeit,1,4
1482,1,,3,,1,3
1483,,,,,,
1484,2,,1,,3,4
1485,,,,,,
1486,1,Fenster zu alt,1,,2,4
1487,5,Umbau,2,Energieträgerwechsel,1,3
1488,5,Fenster- & Haustürentausch war 1. Teil der anstehenden Sanierung,4,"""gratis"" Abwärme und Strom von Biogasanlage fielen durch deren Stilllegung 2016Dez weg - mussten in",1,4
1489,2,,2,,2,2
1490,,,1,,,
1491,3,Umweltschutz,1,Energiepreis,2,2
1492,2,Platzmangel,2,Energiekosten,1,2
1493,1,Energiekosten einsparen,2,,4,2
1494,1,Krankheit Vater,2,Ausstieg Ölheizung,2,2
1495,1,Heizungserneuerung,1,,1,1
1496,2,,5,,1,3
1497,2,Änderung Zimmeraufteilung,2,Fenster undicht,2,2
1498,1,,3,,3,2
1499,,,,,,
1500,4,,1,,,4
1501,2,Das Haus wieder auf den Stand der Technik bringen.,1,Erweiterung und Schaffung von neuem Wohnraum.,1,2
1502,3,Energiesparen,1,Verschönerung,2,1
1503,3,Unbehagliches Wohnen,1,Renovierung auf Grund des Alters,1,3
1504,1,Förderung,1,Einsparunger,1,4
1505,1,Energie sparen,1,,3,4
1506,1,Dach sanierungsbedürftig,2,3 Generationen - Platzmangel,1,2
1507,1,Artikel über umfassende Sanierung/Bauherrenmodell,2,Seminar,1,4
1508,1,,1,,1,1
1509,1,Brand,1,leere Altflächen Wirtgschaftsgebäude,3,4
1510,2,alte Holzfenster,2,alte Heizungsanlage,1,4
1511,1,Das Alter des Hauses hat die Sanierungsmaßnahmen notwendig gemacht,1,,1,3
1512,4,,1,,1,4
1513,2,Energiesparen,2,,2,3
1514,1,Zubau aufgrund Vergrößerung der Familie,2,Ausstieg aus Gasheizung und Erneuerung des veralteten Holzkessels,1,3
1515,2,Energiekosten,2,,3,4
1516,3,Energiepreise u. Abhängigkeit,1,,1,3
1517,1,Sanierung Ausbau nach Hausübernahme von meiner Mutter,2,,2,5
1518,1,Brennholzverbrauch,2,Stromverbrauch,2,4
1519,2,Baufälligkeit,1,Unfall/Rollstull,1,2
1520,2,Veraltete Ölfeuerungsanlage,2,zubau,3,4
1521,4,Notwendigkeit,1,weg von fossiler Ernergie,1,3
1522,1,Zubau,1,Erweiterung,1,4
1523,1,Erbe,1,Ölpreisentwicklung,1,4
1524,3,Sanierungsbedarf,1,Hoher Energieverbrauch,1,2
1525,1,Wohnung Enkelkinder,2,Energiesparen,3,4
1526,3,"Koksofen auf Pellets umgestellt, inkl. 26m2 Solarthermie",4,,2,4
1527,2,Poolheizung,2,Heizungstauscg,1,3
1528,2,Heizungstausch auf Pellets,1,Einsparungspotenzial Solarthermie,1,3
1529,2,Umweltfreundlicher Warmwasser erhitzen,2,Kaufeines E-Autos,3,2
1530,4,eventuelles Blackout,1,Stromkosten zu hoch,3,5
1531,1,,1,,1,1
1532,2,"Neue Heizung, da alte defekt wurde",1,Photovoltaik aufgrund Strompreise,3,4
1533,3,,1,,3,2
1534,1,Tausch von Ölheizung und festen Brennstoffen auf Pellets,2,Inanspruchnahme der Förderung,1,2
1535,1,Umweltgedanke,1,Sicherheit,1,1
1536,1,Technische Notwendigkeit (zB sehr alte Ölheizung und nicht zeitgemäße Elektroinstallationen),1,"Kosmetische Notwendigkeit (alte, unschöne Räumlichkeiten",1,1
1537,2,,3,,3,4
1538,1,"undichte, verwitterte Holzfenster",1,Ukrainekrieg,1,3
1539,1,Fensterundicht,1,,1,3
1540,1,Kauf der Immobilie,2,,1,4
1541,1,zunehmende Hitze/Kälte,1,,1,2
1542,1,Dachsanierung/ Fenstererneuerung/Außenwände isolieren,1,Ölverbrauch senken,4,1
1543,1,Abgewohnte Mietwohnung,4,Vermietbarkeit der Wohnung,2,3
1544,1,Verantwortliche Mitarbeit im kirchlichen Umweltbereich,1,,3,1
1545,,,,,,
1546,2,"Wohnflächenerweiterung, da Sohn mit Familie Zuhause einzieht",3,Bestehende Räume isolieren u. Wand-Deckenheizung installieren,2,3
1547,1,Dachgeschossausbau,2,,3,4
1548,5,,2,,1,4
1549,4,,2,,2,2
1550,1,Eigenerzeugung,1,Zukunft,4,1
1551,,,,,,
1552,,,,,,
1553,,,,,,
1554,,,,,,
1555,,,,,,
1556,1,Wohnraumschaffung,1,Stand der Technik,2,3
1557,4,,1,,4,4
1558,1,Umzug zu den Schwiegereltern,4,,2,4
1559,4,Fenster waren undicht,3,Diverse Mängel im Bad,1,4
1560,,,,,,
1561,1,Wohnung war bestandsfrei,3,Wohnung war im desolaten Zustand,1,4
1562,1,Übernahme eines Wohnhauses,4,Schaffung von Wohnraum für Familie,1,4
1563,1,Eigenbedarf,3,Familiengründung,2,3
1564,1,Investitionen mittels Renovierung um keinen steuerl. Gewinn zu erzielen,4,Das Haus im Wert und im Stand der Zeit zu erhalten,1,4
1565,1,,2,,1,3
1566,1,Errichtung eines Zubaus,1,,1,1
1567,1,benutze jede Gelegenheit für Verbesserungen der Energienutzung,1,,2,3
1568,,,,,,
1569,1,Ölpreis 2008,2,Ölkessel defekt,2,3
1570,2,,2,,3,3
1571,1,Fenster 25 Jahre alt,1,E- Heizung- auf Pellets umgestellt,1,4
1572,1,Erbschaft,1,,1,2
1573,,,,,,
1574,1,,1,,5,5
1575,1,Pension,1,,1,3
1576,3,Platzmangel,1,,1,2
1577,1,Ölkessel war defekt und wurde durch Pelletheizung ersetzt,2,,2,3
1578,1,,1,,1,5
1579,3,Familienplanung,2,,2,4
1580,4,Kamin war undicht,4,Wohnqualität + Heizkosten bei Dämmung der obersten Geschoßdecke,1,1
1581,,,,,,
1582,,,,,,
1583,2,altes haus war sehr sanierungsbedürftig,2,,,2
1584,1,Einsparung von fossilen Brennstoffen für die Warmwassererzeugung,2,,4,4
1585,1,Abhängigkeit,1,,3,4
1586,1,1.Kind,2,2.Kind,,3
1587,3,,3,,3,3
1588,1,größere Familie,2,Wasserschaden,2,4
1589,2,Abfertigung Pension,1,Förderungen,2,4
1590,1,Wohnraum erweiterung,1,Energiekosten reduzieren,2,4
1591,4,eigene Firma gegründet,2,Überzeugung der erforderlichen Energiewende,2,3
1592,1,Energetische Sanierung,1,,1,4
1593,1,Energiepreise,1,Sicherheit,3,2
1594,4,,4,,2,4
1595,1,,3,,1,3
1596,4,,1,,1,4
1597,2,Hoher Warmwasserkonsum,3,Spargründe,3,3
1598,1,Fenster waren 30 Jahre alt,1,Ölheizung steht 2035 vor dem Aus,1,1
1599,1,,2,,4,4
1600,1,,1,,1,3
1601,1,Landesausstellung in unserer Stadt,1,Althaussanierung,1,1
1602,1,Umweltgedanke Beitrag dazu,2,Förderunterstützung,4,3
1603,2,Warmwasser im Sommer,2,Stromkosten senken,4,4
1604,3,Versorgungssicherheit (Heizkessel),5,Well-Being (Boden),1,1
1605,2,Beitrag zur CO2 Reduktion,2,Rentabilität,3,4
1606,1,,2,,2,4
1607,4,Wir wollten eine alternative Heizung einbauen,1,,4,4
1608,1,Klimaschutz,1,Finanzielle Möglichkeiten,2,3
1609,1,Beratung durch Fachfirmen,3,,1,2
1610,1,,1,,1,4
1611,2,Mittel stehen zur Verfügung,3,Umweltschutzgedanke / aktuelle Fördersituation,2,4
1612,1,Übernahme des Hauses von den Eltern,2,,1,1
1613,2,Heizkostensteigerung,2,,4,2
1614,5,Kauf der Immobilie,4,Nutzungsänderung,2,4
1615,1,"Eigenheim, Familie",3,Finazellesicherheit,1,5
1616,3,co2 Ausstoß minimieren,1,,1,3
1617,1,Getrennte Wohneinheit für Sohn,1,,3,4
1618,4,,4,,1,4
1619,,,,,,
1620,,,,,,
1621,,,,,,
1622,2,,1,,4,4
1623,1,Strompreis,1,,3,1
1624,,,,,2,
1625,5,Schaffung eingenständigen Wohnraums im Dachgeschoss,3,,2,4
1626,2,gute Förderungen da teuer,2,,2,3
1627,,,,,,
1628,,,,,,
1629,1,Hoher Heizöl preis,1,,2,4
1630,1,Wunsch nach Autarkie,1,unsichere Energiesituation in der Zukunft,2,3
1631,,"Sanierung erforderlich, v.a. Dachsanierung",,,1,
1632,2,Stromverbrauch,2,Heizverbrauch,2,3
1633,2,,2,,1,3
1634,1,Fernwärmeanschlussmöglichkeit,1,,3,4
1635,1,,2,,2,2
1636,3,Dach,3,Feuchtigkeit,2,5
1637,1,Baulicher Mangel,4,,1,2
1638,1,Schaffung einer zweiten Wohneinheit im Haus,2,,2,3
1639,1,Ölverbrauch,2,,2,4
1640,,,,,,
1641,4,Werterhaltung der Immobilie,2,Energiesparen,2,5
1642,1,,2,,3,4
1643,1,Kampagne Raus aus dem Öl,1,,1,1
1644,3,Das gesamte Gebäude war eine Ruine,3,Entscheidung Abriss oder Sanierung,2,4
1645,1,Strompreis,1,Treibstoffpreis,3,4
1646,2,Wasserrohrbruch,2,,1,2
1647,1,Energie Kosten,1,Autark sein,2,4
1648,1,Heizkosten,1,Stromkosten,2,3
1649,2,Wohnmöglichkeit für Tochter,2,Lärmschutz,2,2
1650,,,,,,
1651,,,,,,
